,County Name/State Abbreviation,FIPS_y,TargetValue
0,"Abbeville, SC",45001,35.0
1,"Accomack, VA",51001,731.0
2,"Ada, ID",16001,796.0
3,"Adair, IA",19001,8.0
4,"Adair, KY",21001,96.0
5,"Adair, MO",29001,44.0
6,"Adair, OK",40001,82.0
7,"Adams, CO",08001,2908.0
8,"Adams, IA",19003,5.0
9,"Adams, ID",16003,3.0
10,"Adams, IL",17001,44.0
11,"Adams, IN",18001,12.0
12,"Adams, MS",28001,188.0
13,"Adams, ND",38001,0.0
14,"Adams, NE",31001,265.0
15,"Adams, OH",39001,8.0
16,"Adams, PA",42001,227.0
17,"Adams, WA",53001,53.0
18,"Adams, WI",55001,4.0
19,"Addison, VT",50001,62.0
20,"Aiken, SC",45003,178.0
21,"Aitkin, MN",27001,6.0
22,"Alachua, FL",12001,365.0
23,"Alamance, NC",37001,278.0
24,"Alameda, CA",06001,2874.0
25,"Alamosa, CO",08003,58.0
26,"Albany, NY",36001,1791.0
27,"Albany, WY",56001,20.0
28,"Albemarle, VA",51003,149.0
29,"Alcona, MI",26001,11.0
30,"Alcorn, MS",28003,14.0
31,"Alexander, IL",17003,8.0
32,"Alexander, NC",37003,27.0
33,"Alfalfa, OK",40003,1.0
34,"Alger, MI",26003,0.0
35,"Allamakee, IA",19005,118.0
36,"Allegan, MI",26005,210.0
37,"Allegany, MD",24001,176.0
38,"Allegany, NY",36003,44.0
39,"Alleghany, NC",37005,13.0
40,"Alleghany, VA",51005,13.0
41,"Allegheny, PA",42003,1805.0
42,"Allen, IN",18003,1277.0
43,"Allen, KS",20001,1.0
44,"Allen, KY",21003,47.0
45,"Allen, OH",39003,191.0
46,"Allendale, SC",45005,34.0
47,"Alpena, MI",26007,95.0
48,"Alpine, CA",06003,2.0
49,"Amador, CA",06005,10.0
50,"Amelia, VA",51007,21.0
51,"Amherst, VA",51009,26.0
52,"Amite, MS",28005,52.0
53,"Anderson, KS",20003,1.0
54,"Anderson, KY",21005,15.0
55,"Anderson, SC",45007,218.0
56,"Anderson, TN",47001,39.0
57,"Anderson, TX",48001,66.0
58,"Andrew, MO",29003,24.0
59,"Andrews, TX",48003,27.0
60,"Androscoggin, ME",23001,238.0
61,"Angelina, TX",48005,175.0
62,"Anne Arundel, MD",24003,3357.0
63,"Anoka, MN",27003,1210.0
64,"Anson, NC",37007,59.0
65,"Antelope, NE",31003,7.0
66,"Antrim, MI",26009,11.0
67,"Apache, AZ",04001,1191.0
68,"Appanoose, IA",19007,12.0
69,"Appling, GA",13001,134.0
70,"Appomattox, VA",51011,26.0
71,"Aransas, TX",48007,5.0
72,"Arapahoe, CO",08005,4075.0
73,"Archer, TX",48009,1.0
74,"Archuleta, CO",08007,8.0
75,"Arenac, MI",26011,33.0
76,"Arkansas, AR",05001,3.0
77,"Arlington, VA",51013,1897.0
78,"Armstrong, PA",42005,58.0
79,"Armstrong, TX",48011,2.0
80,"Aroostook, ME",23003,8.0
81,"Arthur, NE",31005,0.0
82,"Ashe, NC",37009,35.0
83,"Ashland, OH",39005,18.0
84,"Ashland, WI",55003,2.0
85,"Ashley, AR",05003,19.0
86,"Ashtabula, OH",39007,281.0
87,"Asotin, WA",53003,19.0
88,"Atascosa, TX",48013,35.0
89,"Atchison, KS",20005,21.0
90,"Atchison, MO",29005,3.0
91,"Athens, OH",39009,14.0
92,"Atkinson, GA",13003,31.0
93,"Atlantic, NJ",34001,2028.0
94,"Atoka, OK",40005,1.0
95,"Attala, MS",28007,273.0
96,"Audrain, MO",29007,60.0
97,"Audubon, IA",19009,11.0
98,"Auglaize, OH",39011,64.0
99,"Augusta, VA",51015,93.0
100,"Aurora, SD",46003,22.0
101,"Austin, TX",48015,22.0
102,"Autauga, AL",01001,168.0
103,"Avery, NC",37011,2.0
104,"Baca, CO",08009,12.0
105,"Bacon, GA",13005,77.0
106,"Bailey, TX",48017,10.0
107,"Baker, FL",12003,27.0
108,"Baker, GA",13007,33.0
109,"Baker, OR",41001,1.0
110,"Baldwin, AL",01003,274.0
111,"Baldwin, GA",13009,330.0
112,"Ballard, KY",21007,9.0
113,"Baltimore, MD",24005,5476.0
114,"Bamberg, SC",45009,21.0
115,"Bandera, TX",48019,6.0
116,"Banks, GA",13011,73.0
117,"Banner, NE",31007,0.0
118,"Bannock, ID",16005,18.0
119,"Baraga, MI",26013,1.0
120,"Barber, KS",20007,1.0
121,"Barbour, AL",01005,113.0
122,"Barbour, WV",54001,7.0
123,"Barnes, ND",38003,4.0
124,"Barnstable, MA",25001,1277.0
125,"Barnwell, SC",45011,43.0
126,"Barren, KY",21009,42.0
127,"Barron, WI",55005,12.0
128,"Barrow, GA",13013,292.0
129,"Barry, MI",26015,61.0
130,"Barry, MO",29009,9.0
131,"Bartholomew, IN",18005,480.0
132,"Barton, KS",20009,45.0
133,"Barton, MO",29011,0.0
134,"Bartow, GA",13015,443.0
135,"Bastrop, TX",48021,182.0
136,"Bates, MO",29013,7.0
137,"Bath, KY",21011,8.0
138,"Bath, VA",51017,0.0
139,"Baxter, AR",05005,7.0
140,"Bay, FL",12005,97.0
141,"Bay, MI",26017,286.0
142,"Bayfield, WI",55007,3.0
143,"Baylor, TX",48023,0.0
144,"Beadle, SD",46005,132.0
145,"Bear Lake, ID",16007,0.0
146,"Beaufort, NC",37013,35.0
147,"Beaufort, SC",45013,336.0
148,"Beaver, OK",40007,24.0
149,"Beaver, PA",42007,568.0
150,"Beaver, UT",49001,0.0
151,"Beaverhead, MT",30001,1.0
152,"Becker, MN",27005,37.0
153,"Beckham, OK",40009,6.0
154,"Bedford, PA",42009,37.0
155,"Bedford, TN",47003,269.0
156,"Bedford, VA",51019,41.0
157,"Bee, TX",48025,9.0
158,"Belknap, NH",33001,55.0
159,"Bell, KY",21013,1.0
160,"Bell, TX",48027,298.0
161,"Belmont, OH",39013,390.0
162,"Beltrami, MN",27007,12.0
163,"Ben Hill, GA",13017,61.0
164,"Benewah, ID",16009,0.0
165,"Bennett, SD",46007,0.0
166,"Bennington, VT",50003,62.0
167,"Benson, ND",38005,1.0
168,"Bent, CO",08011,2.0
169,"Benton, AR",05007,297.0
170,"Benton, IA",19011,37.0
171,"Benton, IN",18007,25.0
172,"Benton, MN",27009,167.0
173,"Benton, MO",29015,10.0
174,"Benton, MS",28009,15.0
175,"Benton, OR",41003,55.0
176,"Benton, TN",47005,7.0
177,"Benton, WA",53005,704.0
178,"Benzie, MI",26019,4.0
179,"Bergen, NJ",34003,17901.0
180,"Berkeley, SC",45015,218.0
181,"Berkeley, WV",54003,286.0
182,"Berks, PA",42011,3903.0
183,"Berkshire, MA",25003,523.0
184,"Bernalillo, NM",35001,1347.0
185,"Berrien, GA",13019,37.0
186,"Berrien, MI",26021,593.0
187,"Bertie, NC",37015,115.0
188,"Bexar, TX",48029,2418.0
189,"Bibb, AL",01007,59.0
190,"Bibb, GA",13021,435.0
191,"Big Horn, MT",30003,8.0
192,"Big Horn, WY",56003,5.0
193,"Big Stone, MN",27011,3.0
194,"Billings, ND",38007,0.0
195,"Bingham, ID",16011,6.0
196,"Black Hawk, IA",19013,1682.0
197,"Blackford, IN",18009,20.0
198,"Bladen, NC",37017,94.0
199,"Blaine, ID",16013,510.0
200,"Blaine, MT",30005,0.0
201,"Blaine, NE",31009,0.0
202,"Blaine, OK",40011,5.0
203,"Blair, PA",42013,48.0
204,"Blanco, TX",48031,8.0
205,"Bland, VA",51021,0.0
206,"Bleckley, GA",13023,38.0
207,"Bledsoe, TN",47007,608.0
208,"Blount, AL",01009,49.0
209,"Blount, TN",47009,82.0
210,"Blue Earth, MN",27013,115.0
211,"Boise, ID",16015,0.0
212,"Bolivar, MS",28011,141.0
213,"Bollinger, MO",29017,6.0
214,"Bon Homme, SD",46009,8.0
215,"Bond, IL",17005,10.0
216,"Bonner, ID",16017,4.0
217,"Bonneville, ID",16019,32.0
218,"Boone, AR",05009,6.0
219,"Boone, IA",19015,55.0
220,"Boone, IL",17007,397.0
221,"Boone, IN",18011,282.0
222,"Boone, KY",21015,387.0
223,"Boone, MO",29019,122.0
224,"Boone, NE",31011,3.0
225,"Boone, WV",54005,9.0
226,"Borden, TX",48033,0.0
227,"Bosque, TX",48035,6.0
228,"Botetourt, VA",51023,32.0
229,"Bottineau, ND",38009,2.0
230,"Boulder, CO",08013,932.0
231,"Boundary, ID",16021,0.0
232,"Bourbon, KS",20011,7.0
233,"Bourbon, KY",21017,9.0
234,"Bowie, TX",48037,153.0
235,"Bowman, ND",38011,1.0
236,"Box Butte, NE",31013,2.0
237,"Box Elder, UT",49003,0.0
238,"Boyd, KY",21019,39.0
239,"Boyd, NE",31015,0.0
240,"Boyle, KY",21021,20.0
241,"Bracken, KY",21023,11.0
242,"Bradford, FL",12007,51.0
243,"Bradford, PA",42015,44.0
244,"Bradley, AR",05011,17.0
245,"Bradley, TN",47011,98.0
246,"Branch, MI",26023,102.0
247,"Brantley, GA",13025,51.0
248,"Braxton, WV",54007,2.0
249,"Brazoria, TX",48039,838.0
250,"Brazos, TX",48041,438.0
251,"Breathitt, KY",21025,3.0
252,"Breckinridge, KY",21027,16.0
253,"Bremer, IA",19017,67.0
254,"Brevard, FL",12009,398.0
255,"Brewster, TX",48043,1.0
256,"Briscoe, TX",48045,1.0
257,"Bristol, MA",25005,6681.0
258,"Bristol, RI",44001,213.0
259,"Broadwater, MT",30007,4.0
260,"Bronx, NY",36005,0.0
261,"Brooke, WV",54009,3.0
262,"Brookings, SD",46011,15.0
263,"Brooks, GA",13027,67.0
264,"Brooks, TX",48047,1.0
265,"Broome, NY",36007,519.0
266,"Broward, FL",12011,6760.0
267,"Brown, IL",17009,10.0
268,"Brown, IN",18013,33.0
269,"Brown, KS",20013,6.0
270,"Brown, MN",27015,12.0
271,"Brown, NE",31017,0.0
272,"Brown, OH",39015,25.0
273,"Brown, SD",46013,249.0
274,"Brown, TX",48049,56.0
275,"Brown, WI",55009,2249.0
276,"Brule, SD",46015,0.0
277,"Brunswick, NC",37019,74.0
278,"Brunswick, VA",51025,21.0
279,"Bryan, GA",13029,70.0
280,"Bryan, OK",40013,22.0
281,"Buchanan, IA",19019,32.0
282,"Buchanan, MO",29021,628.0
283,"Buchanan, VA",51027,18.0
284,"Buckingham, VA",51029,443.0
285,"Bucks, PA",42017,4894.0
286,"Buena Vista, IA",19021,243.0
287,"Buffalo, NE",31019,142.0
288,"Buffalo, SD",46017,9.0
289,"Buffalo, WI",55011,5.0
290,"Bullitt, KY",21029,104.0
291,"Bulloch, GA",13031,52.0
292,"Bullock, AL",01011,133.0
293,"Buncombe, NC",37021,276.0
294,"Bureau, IL",17011,15.0
295,"Burke, GA",13033,123.0
296,"Burke, NC",37023,296.0
297,"Burke, ND",38013,5.0
298,"Burleigh, ND",38015,131.0
299,"Burleson, TX",48051,22.0
300,"Burlington, NJ",34005,4355.0
301,"Burnet, TX",48053,29.0
302,"Burnett, WI",55013,1.0
303,"Burt, NE",31021,8.0
304,"Butler, AL",01013,359.0
305,"Butler, IA",19023,15.0
306,"Butler, KS",20015,28.0
307,"Butler, KY",21031,218.0
308,"Butler, MO",29023,29.0
309,"Butler, NE",31023,45.0
310,"Butler, OH",39017,802.0
311,"Butler, PA",42019,220.0
312,"Butte, CA",06007,34.0
313,"Butte, ID",16023,0.0
314,"Butte, SD",46019,0.0
315,"Butts, GA",13035,211.0
316,"Cabarrus, NC",37025,449.0
317,"Cabell, WV",54011,59.0
318,"Cache, UT",49005,0.0
319,"Caddo, OK",40015,146.0
320,"Calaveras, CA",06009,13.0
321,"Caldwell, KY",21033,12.0
322,"Caldwell, MO",29025,5.0
323,"Caldwell, NC",37027,107.0
324,"Caldwell, TX",48055,50.0
325,"Caledonia, VT",50005,15.0
326,"Calhoun, AL",01015,146.0
327,"Calhoun, AR",05013,0.0
328,"Calhoun, FL",12013,52.0
329,"Calhoun, GA",13037,128.0
330,"Calhoun, IA",19025,2.0
331,"Calhoun, IL",17013,1.0
332,"Calhoun, MI",26025,347.0
333,"Calhoun, MS",28013,60.0
334,"Calhoun, SC",45017,9.0
335,"Calhoun, TX",48057,37.0
336,"Calhoun, WV",54013,2.0
337,"Callahan, TX",48059,8.0
338,"Callaway, MO",29027,26.0
339,"Calloway, KY",21035,49.0
340,"Calumet, WI",55015,70.0
341,"Calvert, MD",24009,307.0
342,"Camas, ID",16025,1.0
343,"Cambria, PA",42021,57.0
344,"Camden, GA",13039,55.0
345,"Camden, MO",29029,38.0
346,"Camden, NC",37029,3.0
347,"Camden, NJ",34007,6103.0
348,"Cameron, PA",42023,2.0
349,"Cameron, TX",48061,698.0
350,"Camp, TX",48063,44.0
351,"Campbell, KY",21037,146.0
352,"Campbell, SD",46021,0.0
353,"Campbell, TN",47013,17.0
354,"Campbell, VA",51031,13.0
355,"Campbell, WY",56005,30.0
356,"Canadian, OK",40017,128.0
357,"Candler, GA",13043,13.0
358,"Cannon, TN",47015,17.0
359,"Canyon, ID",16027,284.0
360,"Cape Girardeau, MO",29031,62.0
361,"Cape May, NJ",34009,570.0
362,"Carbon, MT",30009,6.0
363,"Carbon, PA",42025,231.0
364,"Carbon, UT",49007,0.0
365,"Carbon, WY",56007,16.0
366,"Caribou, ID",16029,1.0
367,"Carlisle, KY",21039,5.0
368,"Carlton, MN",27017,73.0
369,"Caroline, MD",24011,241.0
370,"Caroline, VA",51033,49.0
371,"Carroll, AR",05015,15.0
372,"Carroll, GA",13045,472.0
373,"Carroll, IA",19027,9.0
374,"Carroll, IL",17015,13.0
375,"Carroll, IN",18015,92.0
376,"Carroll, KY",21041,7.0
377,"Carroll, MD",24013,802.0
378,"Carroll, MO",29033,7.0
379,"Carroll, MS",28015,113.0
380,"Carroll, NH",33003,46.0
381,"Carroll, OH",39019,28.0
382,"Carroll, TN",47017,27.0
383,"Carroll, VA",51035,77.0
384,"Carson City, NV",32510,90.0
385,"Carson, TX",48065,6.0
386,"Carter, KY",21043,9.0
387,"Carter, MO",29035,5.0
388,"Carter, MT",30011,0.0
389,"Carter, OK",40019,23.0
390,"Carter, TN",47019,19.0
391,"Carteret, NC",37031,36.0
392,"Carver, MN",27019,174.0
393,"Cascade, MT",30013,17.0
394,"Casey, KY",21045,2.0
395,"Cass, IA",19029,11.0
396,"Cass, IL",17017,67.0
397,"Cass, IN",18017,1582.0
398,"Cass, MI",26027,77.0
399,"Cass, MN",27021,11.0
400,"Cass, MO",29037,80.0
401,"Cass, ND",38017,1564.0
402,"Cass, NE",31025,38.0
403,"Cass, TX",48067,21.0
404,"Cassia, ID",16031,28.0
405,"Castro, TX",48069,32.0
406,"Caswell, NC",37033,55.0
407,"Catawba, NC",37035,152.0
408,"Catoosa, GA",13047,105.0
409,"Catron, NM",35003,2.0
410,"Cattaraugus, NY",36009,81.0
411,"Cavalier, ND",38019,0.0
412,"Cayuga, NY",36011,77.0
413,"Cecil, MD",24015,348.0
414,"Cedar, IA",19031,46.0
415,"Cedar, MO",29039,9.0
416,"Cedar, NE",31027,7.0
417,"Centre, PA",42027,147.0
418,"Cerro Gordo, IA",19033,22.0
419,"Chaffee, CO",08015,71.0
420,"Chambers, AL",01017,337.0
421,"Chambers, TX",48071,61.0
422,"Champaign, IL",17019,564.0
423,"Champaign, OH",39021,26.0
424,"Chariton, MO",29041,6.0
425,"Charles City, VA",51036,27.0
426,"Charles Mix, SD",46023,13.0
427,"Charles, MD",24017,997.0
428,"Charleston, SC",45019,561.0
429,"Charlevoix, MI",26029,15.0
430,"Charlotte, FL",12015,427.0
431,"Charlotte, VA",51037,19.0
432,"Charlton, GA",13049,29.0
433,"Chase, KS",20017,4.0
434,"Chase, NE",31029,1.0
435,"Chatham, GA",13051,448.0
436,"Chatham, NC",37037,588.0
437,"Chattahoochee, GA",13053,25.0
438,"Chattooga, GA",13055,24.0
439,"Chautauqua, KS",20019,4.0
440,"Chautauqua, NY",36013,75.0
441,"Chaves, NM",35005,40.0
442,"Cheatham, TN",47021,110.0
443,"Cheboygan, MI",26031,21.0
444,"Chelan, WA",53007,231.0
445,"Chemung, NY",36015,136.0
446,"Chenango, NY",36017,119.0
447,"Cherokee, AL",01019,33.0
448,"Cherokee, GA",13057,831.0
449,"Cherokee, IA",19035,16.0
450,"Cherokee, KS",20021,9.0
451,"Cherokee, NC",37039,30.0
452,"Cherokee, OK",40021,28.0
453,"Cherokee, SC",45021,29.0
454,"Cherokee, TX",48073,42.0
455,"Cherry, NE",31031,1.0
456,"Cheshire, NH",33005,54.0
457,"Chester, PA",42029,2428.0
458,"Chester, SC",45023,52.0
459,"Chester, TN",47023,12.0
460,"Chesterfield, SC",45025,132.0
461,"Chesterfield, VA",51041,1200.0
462,"Cheyenne, CO",08017,5.0
463,"Cheyenne, KS",20023,2.0
464,"Cheyenne, NE",31033,9.0
465,"Chickasaw, IA",19037,8.0
466,"Chickasaw, MS",28017,127.0
467,"Chicot, AR",05017,13.0
468,"Childress, TX",48075,2.0
469,"Chilton, AL",01021,87.0
470,"Chippewa, MI",26033,2.0
471,"Chippewa, MN",27023,42.0
472,"Chippewa, WI",55017,53.0
473,"Chisago, MN",27025,48.0
474,"Chittenden, VT",50007,441.0
475,"Choctaw, AL",01023,144.0
476,"Choctaw, MS",28019,32.0
477,"Choctaw, OK",40023,21.0
478,"Chouteau, MT",30015,0.0
479,"Chowan, NC",37041,15.0
480,"Christian, IL",17021,33.0
481,"Christian, KY",21047,103.0
482,"Christian, MO",29043,21.0
483,"Churchill, NV",32001,6.0
484,"Cibola, NM",35006,129.0
485,"Cimarron, OK",40025,1.0
486,"Citrus, FL",12017,119.0
487,"Clackamas, OR",41005,294.0
488,"Claiborne, MS",28021,58.0
489,"Claiborne, TN",47025,8.0
490,"Clallam, WA",53009,25.0
491,"Clare, MI",26035,17.0
492,"Clarendon, SC",45027,293.0
493,"Clarion, PA",42031,29.0
494,"Clark, AR",05019,36.0
495,"Clark, ID",16033,0.0
496,"Clark, IL",17023,10.0
497,"Clark, IN",18019,458.0
498,"Clark, KS",20025,31.0
499,"Clark, KY",21049,37.0
500,"Clark, MO",29045,1.0
501,"Clark, NV",32003,6182.0
502,"Clark, OH",39023,223.0
503,"Clark, SD",46025,4.0
504,"Clark, WA",53011,412.0
505,"Clark, WI",55019,28.0
506,"Clarke, AL",01025,109.0
507,"Clarke, GA",13059,232.0
508,"Clarke, IA",19039,35.0
509,"Clarke, MS",28023,131.0
510,"Clarke, VA",51043,22.0
511,"Clatsop, OR",41007,45.0
512,"Clay, AL",01027,27.0
513,"Clay, AR",05021,4.0
514,"Clay, FL",12019,362.0
515,"Clay, GA",13061,35.0
516,"Clay, IA",19041,10.0
517,"Clay, IL",17025,2.0
518,"Clay, IN",18021,39.0
519,"Clay, KS",20027,5.0
520,"Clay, KY",21051,4.0
521,"Clay, MN",27027,373.0
522,"Clay, MO",29047,149.0
523,"Clay, MS",28025,99.0
524,"Clay, NC",37043,8.0
525,"Clay, NE",31035,22.0
526,"Clay, SD",46027,15.0
527,"Clay, TN",47027,6.0
528,"Clay, TX",48077,3.0
529,"Clay, WV",54015,2.0
530,"Clayton, GA",13063,1132.0
531,"Clayton, IA",19043,30.0
532,"Clear Creek, CO",08019,16.0
533,"Clearfield, PA",42033,34.0
534,"Clearwater, ID",16035,0.0
535,"Clearwater, MN",27029,3.0
536,"Cleburne, AL",01029,13.0
537,"Cleburne, AR",05023,73.0
538,"Clermont, OH",39025,188.0
539,"Cleveland, AR",05025,18.0
540,"Cleveland, NC",37045,69.0
541,"Cleveland, OK",40027,490.0
542,"Clinch, GA",13065,56.0
543,"Clinton, IA",19045,60.0
544,"Clinton, IL",17027,177.0
545,"Clinton, IN",18023,215.0
546,"Clinton, KY",21053,3.0
547,"Clinton, MI",26037,138.0
548,"Clinton, MO",29049,18.0
549,"Clinton, NY",36019,95.0
550,"Clinton, OH",39027,43.0
551,"Clinton, PA",42035,51.0
552,"Cloud, KS",20029,5.0
553,"Coahoma, MS",28027,106.0
554,"Coal, OK",40029,1.0
555,"Cobb, GA",13067,2795.0
556,"Cochise, AZ",04003,59.0
557,"Cochran, TX",48079,1.0
558,"Cocke, TN",47029,20.0
559,"Coconino, AZ",04005,1028.0
560,"Codington, SD",46029,32.0
561,"Coffee, AL",01031,206.0
562,"Coffee, GA",13069,250.0
563,"Coffee, TN",47031,66.0
564,"Coffey, KS",20031,50.0
565,"Coke, TX",48081,1.0
566,"Colbert, AL",01033,142.0
567,"Cole, MO",29051,60.0
568,"Coleman, TX",48083,2.0
569,"Coles, IL",17029,116.0
570,"Colfax, NE",31037,602.0
571,"Colfax, NM",35007,5.0
572,"Colleton, SC",45029,74.0
573,"Collier, FL",12021,1282.0
574,"Collin, TX",48085,1151.0
575,"Collingsworth, TX",48087,4.0
576,"Colorado, TX",48089,20.0
577,"Colquitt, GA",13071,349.0
578,"Columbia, AR",05027,20.0
579,"Columbia, FL",12023,131.0
580,"Columbia, GA",13073,224.0
581,"Columbia, NY",36021,372.0
582,"Columbia, OR",41009,16.0
583,"Columbia, PA",42037,343.0
584,"Columbia, WA",53013,1.0
585,"Columbia, WI",55021,38.0
586,"Columbiana, OH",39029,609.0
587,"Columbus, NC",37047,296.0
588,"Colusa, CA",06011,5.0
589,"Comal, TX",48091,82.0
590,"Comanche, KS",20033,1.0
591,"Comanche, OK",40031,268.0
592,"Comanche, TX",48093,10.0
593,"Concho, TX",48095,1.0
594,"Conecuh, AL",01035,28.0
595,"Conejos, CO",08021,1.0
596,"Contra Costa, CA",06013,1336.0
597,"Converse, WY",56009,24.0
598,"Conway, AR",05029,14.0
599,"Cook, GA",13075,46.0
600,"Cook, IL",17031,73097.0
601,"Cook, MN",27031,0.0
602,"Cooke, TX",48097,13.0
603,"Cooper, MO",29053,9.0
604,"Coos, NH",33007,4.0
605,"Coos, OR",41011,31.0
606,"Coosa, AL",01037,34.0
607,"Copiah, MS",28029,284.0
608,"Corson, SD",46031,4.0
609,"Cortland, NY",36023,39.0
610,"Coryell, TX",48099,226.0
611,"Coshocton, OH",39031,24.0
612,"Costilla, CO",08023,3.0
613,"Cottle, TX",48101,4.0
614,"Cotton, OK",40033,5.0
615,"Cottonwood, MN",27033,64.0
616,"Covington, AL",01039,67.0
617,"Covington, MS",28031,131.0
618,"Coweta, GA",13077,376.0
619,"Cowley, KS",20035,4.0
620,"Cowlitz, WA",53015,73.0
621,"Craig, OK",40035,15.0
622,"Craig, VA",51045,5.0
623,"Craighead, AR",05031,188.0
624,"Crane, TX",48103,22.0
625,"Craven, NC",37049,192.0
626,"Crawford, AR",05033,14.0
627,"Crawford, GA",13079,26.0
628,"Crawford, IA",19047,486.0
629,"Crawford, IL",17033,11.0
630,"Crawford, IN",18025,23.0
631,"Crawford, KS",20037,8.0
632,"Crawford, MI",26039,58.0
633,"Crawford, MO",29055,9.0
634,"Crawford, OH",39033,104.0
635,"Crawford, PA",42039,22.0
636,"Crawford, WI",55023,26.0
637,"Creek, OK",40037,91.0
638,"Crenshaw, AL",01041,60.0
639,"Crisp, GA",13081,223.0
640,"Crittenden, AR",05035,293.0
641,"Crittenden, KY",21055,5.0
642,"Crockett, TN",47033,16.0
643,"Crockett, TX",48105,0.0
644,"Crook, OR",41013,5.0
645,"Crook, WY",56011,5.0
646,"Crosby, TX",48107,3.0
647,"Cross, AR",05037,42.0
648,"Crow Wing, MN",27035,56.0
649,"Crowley, CO",08025,63.0
650,"Culberson, TX",48109,0.0
651,"Cullman, AL",01043,78.0
652,"Culpeper, VA",51047,614.0
653,"Cumberland, IL",17035,10.0
654,"Cumberland, KY",21057,5.0
655,"Cumberland, ME",23005,1040.0
656,"Cumberland, NC",37051,588.0
657,"Cumberland, NJ",34011,1991.0
658,"Cumberland, PA",42041,598.0
659,"Cumberland, TN",47035,109.0
660,"Cumberland, VA",51049,27.0
661,"Cuming, NE",31039,31.0
662,"Currituck, NC",37053,11.0
663,"Curry, NM",35009,46.0
664,"Curry, OR",41015,6.0
665,"Custer, CO",08027,2.0
666,"Custer, ID",16037,2.0
667,"Custer, MT",30017,0.0
668,"Custer, NE",31041,31.0
669,"Custer, OK",40039,12.0
670,"Custer, SD",46033,0.0
671,"Cuyahoga, OH",39035,3963.0
672,"Dade, GA",13083,27.0
673,"Dade, MO",29057,0.0
674,"Daggett, UT",49009,0.0
675,"Dakota, MN",27037,1102.0
676,"Dakota, NE",31043,1612.0
677,"Dale, AL",01045,85.0
678,"Dallam, TX",48111,22.0
679,"Dallas, AL",01047,206.0
680,"Dallas, AR",05039,1.0
681,"Dallas, IA",19049,857.0
682,"Dallas, MO",29059,3.0
683,"Dallas, TX",48113,8998.0
684,"Dane, WI",55025,604.0
685,"Daniels, MT",30019,0.0
686,"Dare, NC",37055,22.0
687,"Darke, OH",39037,153.0
688,"Darlington, SC",45031,247.0
689,"Dauphin, PA",42043,1123.0
690,"Davidson, NC",37057,361.0
691,"Davidson, TN",47037,4632.0
692,"Davie, NC",37059,74.0
693,"Daviess, IN",18027,82.0
694,"Daviess, KY",21059,305.0
695,"Daviess, MO",29061,4.0
696,"Davis, IA",19051,20.0
697,"Davis, UT",49011,414.0
698,"Davison, SD",46035,9.0
699,"Dawes, NE",31045,1.0
700,"Dawson, GA",13085,103.0
701,"Dawson, MT",30021,0.0
702,"Dawson, NE",31047,820.0
703,"Dawson, TX",48115,39.0
704,"Day, SD",46037,12.0
705,"De Baca, NM",35011,0.0
706,"De Witt, IL",17039,4.0
707,"DeKalb, AL",01049,226.0
708,"DeKalb, GA",13089,3305.0
709,"DeKalb, IL",17037,325.0
710,"DeKalb, IN",18033,29.0
711,"DeKalb, MO",29063,5.0
712,"DeKalb, TN",47041,34.0
713,"DeSoto, FL",12027,117.0
714,"DeSoto, MS",28033,474.0
715,"DeWitt, TX",48123,17.0
716,"Deaf Smith, TX",48117,157.0
717,"Dearborn, IN",18029,162.0
718,"Decatur, GA",13087,153.0
719,"Decatur, IA",19053,0.0
720,"Decatur, IN",18031,224.0
721,"Decatur, KS",20039,0.0
722,"Decatur, TN",47039,5.0
723,"Deer Lodge, MT",30023,3.0
724,"Defiance, OH",39039,32.0
725,"Del Norte, CA",06015,37.0
726,"Delaware, IA",19055,15.0
727,"Delaware, IN",18035,354.0
728,"Delaware, NY",36025,77.0
729,"Delaware, OH",39041,300.0
730,"Delaware, OK",40041,99.0
731,"Delaware, PA",42045,6210.0
732,"Delta, CO",08029,67.0
733,"Delta, MI",26041,17.0
734,"Delta, TX",48119,1.0
735,"Dent, MO",29065,0.0
736,"Denton, TX",48121,1224.0
737,"Des Moines, IA",19057,55.0
738,"Deschutes, OR",41017,120.0
739,"Desha, AR",05041,19.0
740,"Deuel, NE",31049,0.0
741,"Deuel, SD",46039,1.0
742,"Dewey, OK",40043,3.0
743,"Dewey, SD",46041,0.0
744,"Dickens, TX",48125,1.0
745,"Dickenson, VA",51051,0.0
746,"Dickey, ND",38021,0.0
747,"Dickinson, IA",19059,9.0
748,"Dickinson, KS",20041,3.0
749,"Dickinson, MI",26043,5.0
750,"Dickson, TN",47043,104.0
751,"Dillon, SC",45033,148.0
752,"Dimmit, TX",48127,1.0
753,"Dinwiddie, VA",51053,48.0
754,"Divide, ND",38023,1.0
755,"Dixie, FL",12029,43.0
756,"Dixon, NE",31051,25.0
757,"Doddridge, WV",54017,0.0
758,"Dodge, GA",13091,48.0
759,"Dodge, MN",27039,44.0
760,"Dodge, NE",31053,376.0
761,"Dodge, WI",55027,161.0
762,"Dolores, CO",08033,0.0
763,"Dona Ana, NM",35013,423.0
764,"Doniphan, KS",20043,12.0
765,"Donley, TX",48129,26.0
766,"Dooly, GA",13093,172.0
767,"Door, WI",55029,37.0
768,"Dorchester, MD",24019,128.0
769,"Dorchester, SC",45035,140.0
770,"Dougherty, GA",13095,1730.0
771,"Douglas, CO",08035,678.0
772,"Douglas, GA",13097,504.0
773,"Douglas, IL",17041,27.0
774,"Douglas, KS",20045,63.0
775,"Douglas, MN",27041,29.0
776,"Douglas, MO",29067,0.0
777,"Douglas, NE",31055,3186.0
778,"Douglas, NV",32005,28.0
779,"Douglas, OR",41019,25.0
780,"Douglas, SD",46043,3.0
781,"Douglas, WA",53017,157.0
782,"Douglas, WI",55031,18.0
783,"Drew, AR",05043,19.0
784,"DuPage, IL",17043,7207.0
785,"Dubois, IN",18037,182.0
786,"Dubuque, IA",19061,323.0
787,"Duchesne, UT",49013,0.0
788,"Dukes, MA",25007,0.0
789,"Dundy, NE",31057,0.0
790,"Dunklin, MO",29069,30.0
791,"Dunn, ND",38025,12.0
792,"Dunn, WI",55033,23.0
793,"Duplin, NC",37061,659.0
794,"Durham, NC",37063,1312.0
795,"Dutchess, NY",36027,3825.0
796,"Duval, FL",12031,1467.0
797,"Duval, TX",48131,5.0
798,"Dyer, TN",47045,48.0
799,"Eagle, CO",08037,577.0
800,"Early, GA",13099,235.0
801,"Eastland, TX",48133,5.0
802,"Eaton, MI",26045,178.0
803,"Eau Claire, WI",55035,98.0
804,"Echols, GA",13101,62.0
805,"Ector, TX",48135,146.0
806,"Eddy, ND",38027,7.0
807,"Eddy, NM",35015,19.0
808,"Edgar, IL",17045,0.0
809,"Edgecombe, NC",37065,190.0
810,"Edgefield, SC",45037,49.0
811,"Edmonson, KY",21061,54.0
812,"Edmunds, SD",46045,0.0
813,"Edwards, IL",17047,2.0
814,"Edwards, KS",20047,5.0
815,"Edwards, TX",48137,0.0
816,"Effingham, GA",13103,63.0
817,"Effingham, IL",17049,6.0
818,"El Dorado, CA",06017,78.0
819,"El Paso, CO",08041,1535.0
820,"El Paso, TX",48141,2376.0
821,"Elbert, CO",08039,49.0
822,"Elbert, GA",13105,71.0
823,"Elk, KS",20049,0.0
824,"Elk, PA",42047,6.0
825,"Elkhart, IN",18039,1008.0
826,"Elko, NV",32007,22.0
827,"Elliott, KY",21063,1.0
828,"Ellis, KS",20051,8.0
829,"Ellis, OK",40045,0.0
830,"Ellis, TX",48139,272.0
831,"Ellsworth, KS",20053,2.0
832,"Elmore, AL",01051,270.0
833,"Elmore, ID",16039,31.0
834,"Emanuel, GA",13107,27.0
835,"Emery, UT",49015,0.0
836,"Emmet, IA",19063,7.0
837,"Emmet, MI",26047,21.0
838,"Emmons, ND",38029,6.0
839,"Erath, TX",48143,15.0
840,"Erie, NY",36029,5700.0
841,"Erie, OH",39043,157.0
842,"Erie, PA",42049,217.0
843,"Escambia, AL",01053,43.0
844,"Escambia, FL",12033,768.0
845,"Esmeralda, NV",32009,0.0
846,"Essex, MA",25009,13575.0
847,"Essex, NJ",34013,17248.0
848,"Essex, NY",36031,36.0
849,"Essex, VA",51057,44.0
850,"Essex, VT",50009,3.0
851,"Estill, KY",21065,0.0
852,"Etowah, AL",01055,238.0
853,"Eureka, NV",32011,0.0
854,"Evans, GA",13109,5.0
855,"Fairfax, VA",51059,9482.0
856,"Fairfield, CT",09001,15213.0
857,"Fairfield, OH",39045,240.0
858,"Fairfield, SC",45039,160.0
859,"Fall River, SD",46047,4.0
860,"Fallon, MT",30025,0.0
861,"Falls, TX",48145,6.0
862,"Fannin, GA",13111,40.0
863,"Fannin, TX",48147,34.0
864,"Faribault, MN",27043,12.0
865,"Faulk, SD",46049,1.0
866,"Faulkner, AR",05045,100.0
867,"Fauquier, VA",51061,285.0
868,"Fayette, AL",01057,11.0
869,"Fayette, GA",13113,221.0
870,"Fayette, IA",19065,26.0
871,"Fayette, IL",17051,20.0
872,"Fayette, IN",18041,65.0
873,"Fayette, KY",21067,619.0
874,"Fayette, OH",39047,37.0
875,"Fayette, PA",42051,94.0
876,"Fayette, TN",47047,107.0
877,"Fayette, TX",48149,32.0
878,"Fayette, WV",54019,45.0
879,"Fentress, TN",47049,11.0
880,"Fergus, MT",30027,0.0
881,"Ferry, WA",53019,1.0
882,"Fillmore, MN",27045,17.0
883,"Fillmore, NE",31059,5.0
884,"Finney, KS",20055,1418.0
885,"Fisher, TX",48151,2.0
886,"Flagler, FL",12035,177.0
887,"Flathead, MT",30029,37.0
888,"Fleming, KY",21069,2.0
889,"Florence, SC",45041,602.0
890,"Florence, WI",55037,2.0
891,"Floyd, GA",13115,228.0
892,"Floyd, IA",19067,18.0
893,"Floyd, IN",18043,313.0
894,"Floyd, KY",21071,16.0
895,"Floyd, TX",48153,5.0
896,"Floyd, VA",51063,5.0
897,"Fluvanna, VA",51065,85.0
898,"Foard, TX",48155,0.0
899,"Fond du Lac, WI",55039,174.0
900,"Ford, IL",17053,20.0
901,"Ford, KS",20057,1601.0
902,"Forest, PA",42053,7.0
903,"Forest, WI",55041,12.0
904,"Forrest, MS",28035,486.0
905,"Forsyth, GA",13117,480.0
906,"Forsyth, NC",37067,969.0
907,"Fort Bend, TX",48157,1685.0
908,"Foster, ND",38031,1.0
909,"Fountain, IN",18045,18.0
910,"Franklin, AL",01059,467.0
911,"Franklin, AR",05047,4.0
912,"Franklin, FL",12037,2.0
913,"Franklin, GA",13119,39.0
914,"Franklin, IA",19069,8.0
915,"Franklin, ID",16041,0.0
916,"Franklin, IL",17055,12.0
917,"Franklin, IN",18047,106.0
918,"Franklin, KS",20059,33.0
919,"Franklin, KY",21073,24.0
920,"Franklin, MA",25011,314.0
921,"Franklin, ME",23007,36.0
922,"Franklin, MO",29071,140.0
923,"Franklin, MS",28037,25.0
924,"Franklin, NC",37069,145.0
925,"Franklin, NE",31061,6.0
926,"Franklin, NY",36033,20.0
927,"Franklin, OH",39049,5310.0
928,"Franklin, PA",42055,740.0
929,"Franklin, TN",47051,46.0
930,"Franklin, TX",48159,12.0
931,"Franklin, VA",51067,33.0
932,"Franklin, VT",50011,99.0
933,"Franklin, WA",53021,503.0
934,"Frederick, MD",24021,1731.0
935,"Frederick, VA",51069,271.0
936,"Freeborn, MN",27047,93.0
937,"Freestone, TX",48161,10.0
938,"Fremont, CO",08043,26.0
939,"Fremont, IA",19071,4.0
940,"Fremont, ID",16043,3.0
941,"Fremont, WY",56013,249.0
942,"Fresno, CA",06019,1482.0
943,"Frio, TX",48163,36.0
944,"Frontier, NE",31063,1.0
945,"Fulton, AR",05049,6.0
946,"Fulton, GA",13121,4080.0
947,"Fulton, IL",17057,11.0
948,"Fulton, IN",18049,47.0
949,"Fulton, KY",21075,3.0
950,"Fulton, NY",36035,196.0
951,"Fulton, OH",39051,36.0
952,"Fulton, PA",42057,14.0
953,"Furnas, NE",31065,7.0
954,"Gadsden, FL",12039,264.0
955,"Gage, NE",31067,44.0
956,"Gaines, TX",48165,6.0
957,"Gallatin, IL",17059,2.0
958,"Gallatin, KY",21077,8.0
959,"Gallatin, MT",30031,149.0
960,"Gallia, OH",39053,7.0
961,"Galveston, TX",48167,752.0
962,"Garden, NE",31069,0.0
963,"Garfield, CO",08045,123.0
964,"Garfield, MT",30033,0.0
965,"Garfield, NE",31071,0.0
966,"Garfield, OK",40047,26.0
967,"Garfield, UT",49017,0.0
968,"Garfield, WA",53023,0.0
969,"Garland, AR",05051,134.0
970,"Garrard, KY",21079,4.0
971,"Garrett, MD",24023,10.0
972,"Garvin, OK",40049,15.0
973,"Garza, TX",48169,5.0
974,"Gasconade, MO",29073,2.0
975,"Gaston, NC",37071,247.0
976,"Gates, NC",37073,23.0
977,"Geary, KS",20061,16.0
978,"Geauga, OH",39055,257.0
979,"Gem, ID",16045,17.0
980,"Genesee, MI",26049,1961.0
981,"Genesee, NY",36037,192.0
982,"Geneva, AL",01061,35.0
983,"Gentry, MO",29075,17.0
984,"George, MS",28039,20.0
985,"Georgetown, SC",45043,69.0
986,"Gibson, IN",18051,14.0
987,"Gibson, TN",47053,60.0
988,"Gila, AZ",04007,24.0
989,"Gilchrist, FL",12041,12.0
990,"Giles, TN",47055,12.0
991,"Giles, VA",51071,5.0
992,"Gillespie, TX",48171,5.0
993,"Gilliam, OR",41021,0.0
994,"Gilmer, GA",13123,137.0
995,"Gilmer, WV",54021,10.0
996,"Gilpin, CO",08047,3.0
997,"Glacier, MT",30035,6.0
998,"Glades, FL",12043,20.0
999,"Gladwin, MI",26051,18.0
1000,"Glascock, GA",13125,1.0
1001,"Glasscock, TX",48173,1.0
1002,"Glenn, CA",06021,12.0
1003,"Gloucester, NJ",34015,2089.0
1004,"Gloucester, VA",51073,30.0
1005,"Glynn, GA",13127,87.0
1006,"Gogebic, MI",26053,5.0
1007,"Golden Valley, MT",30037,3.0
1008,"Golden Valley, ND",38033,0.0
1009,"Goliad, TX",48175,7.0
1010,"Gonzales, TX",48177,91.0
1011,"Goochland, VA",51075,93.0
1012,"Goodhue, MN",27049,55.0
1013,"Gooding, ID",16047,39.0
1014,"Gordon, GA",13129,138.0
1015,"Goshen, WY",56015,5.0
1016,"Gosper, NE",31073,13.0
1017,"Gove, KS",20063,1.0
1018,"Grady, GA",13131,93.0
1019,"Grady, OK",40051,79.0
1020,"Grafton, NH",33009,69.0
1021,"Graham, AZ",04009,24.0
1022,"Graham, KS",20065,0.0
1023,"Graham, NC",37075,2.0
1024,"Grainger, TN",47057,6.0
1025,"Grand Forks, ND",38035,325.0
1026,"Grand Isle, VT",50013,7.0
1027,"Grand Traverse, MI",26055,23.0
1028,"Grand, CO",08049,7.0
1029,"Grand, UT",49019,0.0
1030,"Granite, MT",30039,0.0
1031,"Grant, AR",05053,16.0
1032,"Grant, IN",18053,185.0
1033,"Grant, KS",20067,18.0
1034,"Grant, KY",21081,36.0
1035,"Grant, MN",27051,2.0
1036,"Grant, ND",38037,2.0
1037,"Grant, NE",31075,0.0
1038,"Grant, NM",35017,16.0
1039,"Grant, OK",40053,2.0
1040,"Grant, OR",41023,1.0
1041,"Grant, SD",46051,10.0
1042,"Grant, WA",53025,190.0
1043,"Grant, WI",55043,87.0
1044,"Grant, WV",54023,11.0
1045,"Granville, NC",37077,247.0
1046,"Gratiot, MI",26057,71.0
1047,"Graves, KY",21083,157.0
1048,"Gray, KS",20069,22.0
1049,"Gray, TX",48179,96.0
1050,"Grays Harbor, WA",53027,16.0
1051,"Grayson, KY",21085,121.0
1052,"Grayson, TX",48181,300.0
1053,"Grayson, VA",51077,30.0
1054,"Greeley, KS",20071,0.0
1055,"Greeley, NE",31077,3.0
1056,"Green Lake, WI",55047,15.0
1057,"Green, KY",21087,1.0
1058,"Green, WI",55045,54.0
1059,"Greenbrier, WV",54025,9.0
1060,"Greene, AL",01063,91.0
1061,"Greene, AR",05055,50.0
1062,"Greene, GA",13133,64.0
1063,"Greene, IA",19073,13.0
1064,"Greene, IL",17061,5.0
1065,"Greene, IN",18055,167.0
1066,"Greene, MO",29077,122.0
1067,"Greene, MS",28041,7.0
1068,"Greene, NC",37079,65.0
1069,"Greene, NY",36039,225.0
1070,"Greene, OH",39057,93.0
1071,"Greene, PA",42059,27.0
1072,"Greene, TN",47059,47.0
1073,"Greene, VA",51079,23.0
1074,"Greenlee, AZ",04011,3.0
1075,"Greensville, VA",51081,55.0
1076,"Greenup, KY",21089,13.0
1077,"Greenville, SC",45045,1300.0
1078,"Greenwood, KS",20073,3.0
1079,"Greenwood, SC",45047,82.0
1080,"Greer, OK",40055,66.0
1081,"Gregg, TX",48183,185.0
1082,"Gregory, SD",46053,0.0
1083,"Grenada, MS",28043,75.0
1084,"Griggs, ND",38039,1.0
1085,"Grimes, TX",48185,100.0
1086,"Grundy, IA",19075,19.0
1087,"Grundy, IL",17063,89.0
1088,"Grundy, MO",29079,0.0
1089,"Grundy, TN",47061,32.0
1090,"Guadalupe, NM",35019,19.0
1091,"Guadalupe, TX",48187,122.0
1092,"Guernsey, OH",39059,31.0
1093,"Guilford, NC",37081,1073.0
1094,"Gulf, FL",12045,1.0
1095,"Gunnison, CO",08051,179.0
1096,"Guthrie, IA",19077,43.0
1097,"Gwinnett, GA",13135,3198.0
1098,"Haakon, SD",46055,0.0
1099,"Habersham, GA",13137,502.0
1100,"Hale, AL",01065,132.0
1101,"Hale, TX",48189,55.0
1102,"Halifax, NC",37083,150.0
1103,"Halifax, VA",51083,29.0
1104,"Hall, GA",13139,2327.0
1105,"Hall, NE",31079,1466.0
1106,"Hall, TX",48191,2.0
1107,"Hamblen, TN",47063,26.0
1108,"Hamilton, FL",12047,206.0
1109,"Hamilton, IA",19079,26.0
1110,"Hamilton, IL",17065,2.0
1111,"Hamilton, IN",18057,1099.0
1112,"Hamilton, KS",20075,10.0
1113,"Hamilton, NE",31081,54.0
1114,"Hamilton, NY",36041,5.0
1115,"Hamilton, OH",39061,2458.0
1116,"Hamilton, TN",47065,601.0
1117,"Hamilton, TX",48193,7.0
1118,"Hamlin, SD",46057,4.0
1119,"Hampden, MA",25013,5755.0
1120,"Hampshire, MA",25015,834.0
1121,"Hampshire, WV",54027,21.0
1122,"Hampton, SC",45049,35.0
1123,"Hancock, GA",13141,191.0
1124,"Hancock, IA",19081,12.0
1125,"Hancock, IL",17067,13.0
1126,"Hancock, IN",18059,319.0
1127,"Hancock, KY",21091,6.0
1128,"Hancock, ME",23009,11.0
1129,"Hancock, MS",28045,88.0
1130,"Hancock, OH",39063,48.0
1131,"Hancock, TN",47067,1.0
1132,"Hancock, WV",54029,18.0
1133,"Hand, SD",46059,1.0
1134,"Hanover, VA",51085,275.0
1135,"Hansford, TX",48195,18.0
1136,"Hanson, SD",46061,0.0
1137,"Haralson, GA",13143,36.0
1138,"Hardee, FL",12049,85.0
1139,"Hardeman, TN",47069,188.0
1140,"Hardeman, TX",48197,1.0
1141,"Hardin, IA",19083,13.0
1142,"Hardin, IL",17069,1.0
1143,"Hardin, KY",21093,96.0
1144,"Hardin, OH",39065,41.0
1145,"Hardin, TN",47071,11.0
1146,"Hardin, TX",48199,136.0
1147,"Harding, NM",35021,1.0
1148,"Harding, SD",46063,0.0
1149,"Hardy, WV",54031,37.0
1150,"Harford, MD",24025,789.0
1151,"Harlan, KY",21095,1.0
1152,"Harlan, NE",31083,1.0
1153,"Harmon, OK",40057,0.0
1154,"Harnett, NC",37085,275.0
1155,"Harney, OR",41025,1.0
1156,"Harper, KS",20077,1.0
1157,"Harper, OK",40059,1.0
1158,"Harris, GA",13145,83.0
1159,"Harris, TX",48201,10995.0
1160,"Harrison, IA",19085,19.0
1161,"Harrison, IN",18061,185.0
1162,"Harrison, KY",21097,18.0
1163,"Harrison, MO",29081,8.0
1164,"Harrison, MS",28047,237.0
1165,"Harrison, OH",39067,10.0
1166,"Harrison, TX",48203,228.0
1167,"Harrison, WV",54033,39.0
1168,"Hart, GA",13147,26.0
1169,"Hart, KY",21099,20.0
1170,"Hartford, CT",09003,9841.0
1171,"Hartley, TX",48205,11.0
1172,"Harvey, KS",20079,11.0
1173,"Haskell, KS",20081,18.0
1174,"Haskell, OK",40061,6.0
1175,"Haskell, TX",48207,2.0
1176,"Hawaii, HI",15001,81.0
1177,"Hawkins, TN",47073,31.0
1178,"Hayes, NE",31085,0.0
1179,"Hays, TX",48209,270.0
1180,"Haywood, NC",37087,40.0
1181,"Haywood, TN",47075,29.0
1182,"Heard, GA",13149,28.0
1183,"Hemphill, TX",48211,1.0
1184,"Hempstead, AR",05057,13.0
1185,"Henderson, IL",17071,8.0
1186,"Henderson, KY",21101,95.0
1187,"Henderson, NC",37089,319.0
1188,"Henderson, TN",47077,13.0
1189,"Henderson, TX",48213,55.0
1190,"Hendricks, IN",18063,1123.0
1191,"Hendry, FL",12051,321.0
1192,"Hennepin, MN",27053,7168.0
1193,"Henrico, VA",51087,1492.0
1194,"Henry, AL",01067,64.0
1195,"Henry, GA",13151,641.0
1196,"Henry, IA",19087,61.0
1197,"Henry, IL",17073,67.0
1198,"Henry, IN",18065,159.0
1199,"Henry, KY",21103,14.0
1200,"Henry, MO",29083,10.0
1201,"Henry, OH",39069,15.0
1202,"Henry, TN",47079,29.0
1203,"Henry, VA",51089,77.0
1204,"Herkimer, NY",36043,103.0
1205,"Hernando, FL",12053,112.0
1206,"Hertford, NC",37091,69.0
1207,"Hettinger, ND",38041,0.0
1208,"Hickman, KY",21105,5.0
1209,"Hickman, TN",47081,53.0
1210,"Hickory, MO",29085,0.0
1211,"Hidalgo, NM",35023,1.0
1212,"Hidalgo, TX",48215,497.0
1213,"Highland, OH",39071,18.0
1214,"Highland, VA",51091,3.0
1215,"Highlands, FL",12055,114.0
1216,"Hill, MT",30041,1.0
1217,"Hill, TX",48217,24.0
1218,"Hillsborough, FL",12057,1939.0
1219,"Hillsborough, NH",33011,2132.0
1220,"Hillsdale, MI",26059,170.0
1221,"Hinds, MS",28049,898.0
1222,"Hinsdale, CO",08053,3.0
1223,"Hitchcock, NE",31087,1.0
1224,"Hocking, OH",39073,65.0
1225,"Hockley, TX",48219,27.0
1226,"Hodgeman, KS",20083,1.0
1227,"Hoke, NC",37093,197.0
1228,"Holmes, FL",12059,14.0
1229,"Holmes, MS",28051,369.0
1230,"Holmes, OH",39075,27.0
1231,"Holt, MO",29087,1.0
1232,"Holt, NE",31089,1.0
1233,"Hood River, OR",41027,12.0
1234,"Hood, TX",48221,23.0
1235,"Hooker, NE",31091,0.0
1236,"Hopkins, KY",21107,218.0
1237,"Hopkins, TX",48223,17.0
1238,"Horry, SC",45051,377.0
1239,"Hot Spring, AR",05059,30.0
1240,"Hot Springs, WY",56017,10.0
1241,"Houghton, MI",26061,2.0
1242,"Houston, AL",01069,172.0
1243,"Houston, GA",13153,349.0
1244,"Houston, MN",27055,2.0
1245,"Houston, TN",47083,7.0
1246,"Houston, TX",48225,84.0
1247,"Howard, AR",05061,17.0
1248,"Howard, IA",19089,12.0
1249,"Howard, IN",18067,356.0
1250,"Howard, MD",24027,1716.0
1251,"Howard, MO",29089,3.0
1252,"Howard, NE",31093,39.0
1253,"Howard, TX",48227,6.0
1254,"Howell, MO",29091,5.0
1255,"Hubbard, MN",27057,1.0
1256,"Hudson, NJ",34017,18879.0
1257,"Hudspeth, TX",48229,0.0
1258,"Huerfano, CO",08055,3.0
1259,"Hughes, OK",40063,0.0
1260,"Hughes, SD",46065,19.0
1261,"Humboldt, CA",06023,93.0
1262,"Humboldt, IA",19091,13.0
1263,"Humboldt, NV",32013,78.0
1264,"Humphreys, MS",28053,53.0
1265,"Humphreys, TN",47085,13.0
1266,"Hunt, TX",48231,75.0
1267,"Hunterdon, NJ",34019,966.0
1268,"Huntingdon, PA",42061,228.0
1269,"Huntington, IN",18069,26.0
1270,"Huron, MI",26063,42.0
1271,"Huron, OH",39077,55.0
1272,"Hutchinson, SD",46067,3.0
1273,"Hutchinson, TX",48233,30.0
1274,"Hyde, NC",37095,1.0
1275,"Hyde, SD",46069,1.0
1276,"Ida, IA",19093,13.0
1277,"Idaho, ID",16049,3.0
1278,"Imperial, CA",06025,1274.0
1279,"Independence, AR",05063,28.0
1280,"Indian River, FL",12061,117.0
1281,"Indiana, PA",42063,89.0
1282,"Ingham, MI",26065,701.0
1283,"Inyo, CA",06027,19.0
1284,"Ionia, MI",26067,143.0
1285,"Iosco, MI",26069,82.0
1286,"Iowa, IA",19095,33.0
1287,"Iowa, WI",55049,12.0
1288,"Iredell, NC",37097,230.0
1289,"Irion, TX",48235,0.0
1290,"Iron, MI",26071,0.0
1291,"Iron, MO",29093,2.0
1292,"Iron, UT",49021,0.0
1293,"Iron, WI",55051,2.0
1294,"Iroquois, IL",17075,130.0
1295,"Irwin, GA",13155,24.0
1296,"Isabella, MI",26073,74.0
1297,"Isanti, MN",27059,28.0
1298,"Island, WA",53029,177.0
1299,"Isle of Wight, VA",51093,125.0
1300,"Issaquena, MS",28055,0.0
1301,"Itasca, MN",27061,53.0
1302,"Itawamba, MS",28057,85.0
1303,"Izard, AR",05065,15.0
1304,"Jack, TX",48237,4.0
1305,"Jackson, AL",01071,71.0
1306,"Jackson, AR",05067,1.0
1307,"Jackson, CO",08057,0.0
1308,"Jackson, FL",12063,238.0
1309,"Jackson, GA",13157,148.0
1310,"Jackson, IA",19097,12.0
1311,"Jackson, IL",17077,228.0
1312,"Jackson, IN",18071,361.0
1313,"Jackson, KS",20085,92.0
1314,"Jackson, KY",21109,60.0
1315,"Jackson, MI",26075,438.0
1316,"Jackson, MN",27063,39.0
1317,"Jackson, MO",29095,520.0
1318,"Jackson, MS",28059,296.0
1319,"Jackson, NC",37099,27.0
1320,"Jackson, OH",39079,11.0
1321,"Jackson, OK",40065,23.0
1322,"Jackson, OR",41029,60.0
1323,"Jackson, SD",46071,1.0
1324,"Jackson, TN",47087,17.0
1325,"Jackson, TX",48239,17.0
1326,"Jackson, WI",55053,15.0
1327,"Jackson, WV",54035,135.0
1328,"James City, VA",51095,197.0
1329,"Jasper, GA",13159,31.0
1330,"Jasper, IA",19099,256.0
1331,"Jasper, IL",17079,45.0
1332,"Jasper, IN",18073,56.0
1333,"Jasper, MO",29097,32.0
1334,"Jasper, MS",28061,145.0
1335,"Jasper, SC",45053,38.0
1336,"Jasper, TX",48241,28.0
1337,"Jay, IN",18075,43.0
1338,"Jeff Davis, GA",13161,34.0
1339,"Jeff Davis, TX",48243,0.0
1340,"Jefferson Davis, MS",28065,71.0
1341,"Jefferson, AL",01073,1630.0
1342,"Jefferson, AR",05069,504.0
1343,"Jefferson, CO",08059,2061.0
1344,"Jefferson, FL",12065,29.0
1345,"Jefferson, GA",13163,29.0
1346,"Jefferson, IA",19101,18.0
1347,"Jefferson, ID",16051,7.0
1348,"Jefferson, IL",17081,101.0
1349,"Jefferson, IN",18077,41.0
1350,"Jefferson, KS",20087,22.0
1351,"Jefferson, KY",21111,2050.0
1352,"Jefferson, MO",29099,337.0
1353,"Jefferson, MS",28063,40.0
1354,"Jefferson, MT",30043,3.0
1355,"Jefferson, NE",31095,6.0
1356,"Jefferson, NY",36045,72.0
1357,"Jefferson, OH",39081,62.0
1358,"Jefferson, OK",40067,3.0
1359,"Jefferson, OR",41031,24.0
1360,"Jefferson, PA",42065,7.0
1361,"Jefferson, TN",47089,27.0
1362,"Jefferson, TX",48245,498.0
1363,"Jefferson, WA",53031,30.0
1364,"Jefferson, WI",55055,84.0
1365,"Jefferson, WV",54037,154.0
1366,"Jenkins, GA",13165,18.0
1367,"Jennings, IN",18079,127.0
1368,"Jerauld, SD",46073,28.0
1369,"Jerome, ID",16053,145.0
1370,"Jersey, IL",17083,20.0
1371,"Jessamine, KY",21113,51.0
1372,"Jewell, KS",20089,4.0
1373,"Jim Hogg, TX",48247,4.0
1374,"Jim Wells, TX",48249,9.0
1375,"Jo Daviess, IL",17085,27.0
1376,"Johnson, AR",05071,38.0
1377,"Johnson, GA",13167,81.0
1378,"Johnson, IA",19103,602.0
1379,"Johnson, IL",17087,7.0
1380,"Johnson, IN",18081,1082.0
1381,"Johnson, KS",20091,738.0
1382,"Johnson, KY",21115,5.0
1383,"Johnson, MO",29101,73.0
1384,"Johnson, NE",31097,7.0
1385,"Johnson, TN",47091,15.0
1386,"Johnson, TX",48251,148.0
1387,"Johnson, WY",56019,18.0
1388,"Johnston, NC",37101,351.0
1389,"Johnston, OK",40069,3.0
1390,"Jones, GA",13169,34.0
1391,"Jones, IA",19105,36.0
1392,"Jones, MS",28067,492.0
1393,"Jones, NC",37103,28.0
1394,"Jones, SD",46075,0.0
1395,"Jones, TX",48253,135.0
1396,"Josephine, OR",41033,26.0
1397,"Juab, UT",49023,0.0
1398,"Judith Basin, MT",30045,0.0
1399,"Juneau, WI",55057,22.0
1400,"Juniata, PA",42067,95.0
1401,"Kalamazoo, MI",26077,801.0
1402,"Kalkaska, MI",26079,19.0
1403,"Kanabec, MN",27065,11.0
1404,"Kanawha, WV",54039,212.0
1405,"Kandiyohi, MN",27067,468.0
1406,"Kane, IL",17089,5761.0
1407,"Kane, UT",49025,0.0
1408,"Kankakee, IL",17091,799.0
1409,"Karnes, TX",48255,4.0
1410,"Kauai, HI",15007,20.0
1411,"Kaufman, TX",48257,182.0
1412,"Kay, OK",40071,52.0
1413,"Kearney, NE",31099,12.0
1414,"Kearny, KS",20093,40.0
1415,"Keith, NE",31101,2.0
1416,"Kemper, MS",28069,127.0
1417,"Kendall, IL",17093,714.0
1418,"Kendall, TX",48259,24.0
1419,"Kenedy, TX",48261,0.0
1420,"Kennebec, ME",23011,128.0
1421,"Kenosha, WI",55059,1001.0
1422,"Kent, DE",10001,1356.0
1423,"Kent, MD",24029,155.0
1424,"Kent, MI",26081,3385.0
1425,"Kent, RI",44003,1013.0
1426,"Kent, TX",48263,0.0
1427,"Kenton, KY",21117,527.0
1428,"Keokuk, IA",19107,14.0
1429,"Kern, CA",06029,1871.0
1430,"Kerr, TX",48265,16.0
1431,"Kershaw, SC",45055,300.0
1432,"Kewaunee, WI",55061,33.0
1433,"Keweenaw, MI",26083,0.0
1434,"Keya Paha, NE",31103,0.0
1435,"Kidder, ND",38043,0.0
1436,"Kimball, NE",31105,8.0
1437,"Kimble, TX",48267,1.0
1438,"King George, VA",51099,56.0
1439,"King William, VA",51101,24.0
1440,"King and Queen, VA",51097,7.0
1441,"King, TX",48269,0.0
1442,"King, WA",53033,7825.0
1443,"Kingfisher, OK",40073,11.0
1444,"Kingman, KS",20095,0.0
1445,"Kings, CA",06031,647.0
1446,"Kings, NY",36047,0.0
1447,"Kingsbury, SD",46077,0.0
1448,"Kinney, TX",48271,0.0
1449,"Kiowa, CO",08061,0.0
1450,"Kiowa, KS",20097,2.0
1451,"Kiowa, OK",40075,6.0
1452,"Kit Carson, CO",08063,26.0
1453,"Kitsap, WA",53035,161.0
1454,"Kittitas, WA",53037,75.0
1455,"Kittson, MN",27069,1.0
1456,"Klamath, OR",41035,41.0
1457,"Kleberg, TX",48273,15.0
1458,"Klickitat, WA",53039,24.0
1459,"Knott, KY",21119,4.0
1460,"Knox, IL",17095,94.0
1461,"Knox, IN",18083,24.0
1462,"Knox, KY",21121,8.0
1463,"Knox, ME",23013,20.0
1464,"Knox, MO",29103,0.0
1465,"Knox, NE",31107,9.0
1466,"Knox, OH",39083,23.0
1467,"Knox, TN",47093,336.0
1468,"Knox, TX",48275,1.0
1469,"Koochiching, MN",27071,6.0
1470,"Kootenai, ID",16055,66.0
1471,"Kosciusko, IN",18085,86.0
1472,"Kossuth, IA",19109,7.0
1473,"La Crosse, WI",55063,48.0
1474,"La Paz, AZ",04012,51.0
1475,"La Plata, CO",08067,77.0
1476,"La Salle, TX",48283,4.0
1477,"LaGrange, IN",18087,60.0
1478,"LaMoure, ND",38045,0.0
1479,"LaPorte, IN",18091,408.0
1480,"LaSalle, IL",17099,140.0
1481,"Labette, KS",20099,22.0
1482,"Lac qui Parle, MN",27073,3.0
1483,"Lackawanna, PA",42069,1494.0
1484,"Laclede, MO",29105,3.0
1485,"Lafayette, AR",05073,9.0
1486,"Lafayette, FL",12067,8.0
1487,"Lafayette, MO",29107,70.0
1488,"Lafayette, MS",28071,124.0
1489,"Lafayette, WI",55065,22.0
1490,"Lake of the Woods, MN",27077,0.0
1491,"Lake, CA",06033,12.0
1492,"Lake, CO",08065,27.0
1493,"Lake, FL",12069,275.0
1494,"Lake, IL",17097,7723.0
1495,"Lake, IN",18089,3299.0
1496,"Lake, MI",26085,6.0
1497,"Lake, MN",27075,1.0
1498,"Lake, MT",30047,5.0
1499,"Lake, OH",39085,268.0
1500,"Lake, OR",41037,0.0
1501,"Lake, SD",46079,6.0
1502,"Lake, TN",47095,410.0
1503,"Lamar, AL",01075,20.0
1504,"Lamar, GA",13171,53.0
1505,"Lamar, MS",28073,220.0
1506,"Lamar, TX",48277,134.0
1507,"Lamb, TX",48279,15.0
1508,"Lamoille, VT",50015,29.0
1509,"Lampasas, TX",48281,8.0
1510,"Lancaster, NE",31109,1084.0
1511,"Lancaster, PA",42071,2896.0
1512,"Lancaster, SC",45057,121.0
1513,"Lancaster, VA",51103,10.0
1514,"Lander, NV",32015,20.0
1515,"Lane, KS",20101,3.0
1516,"Lane, OR",41039,67.0
1517,"Langlade, WI",55067,1.0
1518,"Lanier, GA",13173,14.0
1519,"Lapeer, MI",26087,188.0
1520,"Laramie, WY",56021,183.0
1521,"Larimer, CO",08069,540.0
1522,"Larue, KY",21123,7.0
1523,"Las Animas, CO",08071,5.0
1524,"Lassen, CA",06035,4.0
1525,"Latah, ID",16057,7.0
1526,"Latimer, OK",40077,5.0
1527,"Lauderdale, AL",01077,135.0
1528,"Lauderdale, MS",28075,680.0
1529,"Lauderdale, TN",47097,56.0
1530,"Laurel, KY",21125,21.0
1531,"Laurens, GA",13175,104.0
1532,"Laurens, SC",45059,58.0
1533,"Lavaca, TX",48285,9.0
1534,"Lawrence, AL",01079,43.0
1535,"Lawrence, AR",05075,82.0
1536,"Lawrence, IL",17101,4.0
1537,"Lawrence, IN",18093,143.0
1538,"Lawrence, KY",21127,1.0
1539,"Lawrence, MO",29109,8.0
1540,"Lawrence, MS",28077,94.0
1541,"Lawrence, OH",39087,28.0
1542,"Lawrence, PA",42073,74.0
1543,"Lawrence, SD",46081,9.0
1544,"Lawrence, TN",47099,24.0
1545,"Le Flore, OK",40079,14.0
1546,"Le Sueur, MN",27079,41.0
1547,"Lea, NM",35025,24.0
1548,"Leake, MS",28079,388.0
1549,"Leavenworth, KS",20103,1067.0
1550,"Lebanon, PA",42075,912.0
1551,"Lee, AL",01081,510.0
1552,"Lee, AR",05077,17.0
1553,"Lee, FL",12071,1736.0
1554,"Lee, GA",13177,354.0
1555,"Lee, IA",19111,22.0
1556,"Lee, IL",17103,77.0
1557,"Lee, KY",21129,0.0
1558,"Lee, MS",28081,108.0
1559,"Lee, NC",37105,372.0
1560,"Lee, SC",45061,198.0
1561,"Lee, TX",48287,10.0
1562,"Lee, VA",51105,9.0
1563,"Leelanau, MI",26089,11.0
1564,"Leflore, MS",28083,241.0
1565,"Lehigh, PA",42077,3667.0
1566,"Lemhi, ID",16059,1.0
1567,"Lenawee, MI",26091,146.0
1568,"Lenoir, NC",37107,193.0
1569,"Leon, FL",12073,372.0
1570,"Leon, TX",48289,9.0
1571,"Leslie, KY",21131,6.0
1572,"Letcher, KY",21133,4.0
1573,"Levy, FL",12075,29.0
1574,"Lewis and Clark, MT",30049,16.0
1575,"Lewis, ID",16061,0.0
1576,"Lewis, KY",21135,7.0
1577,"Lewis, MO",29111,7.0
1578,"Lewis, NY",36049,19.0
1579,"Lewis, TN",47101,3.0
1580,"Lewis, WA",53041,35.0
1581,"Lewis, WV",54041,5.0
1582,"Lexington, SC",45063,558.0
1583,"Liberty, FL",12077,209.0
1584,"Liberty, GA",13179,67.0
1585,"Liberty, MT",30051,1.0
1586,"Liberty, TX",48291,80.0
1587,"Licking, OH",39089,207.0
1588,"Limestone, AL",01083,77.0
1589,"Limestone, TX",48293,23.0
1590,"Lincoln, AR",05079,975.0
1591,"Lincoln, CO",08073,3.0
1592,"Lincoln, GA",13181,15.0
1593,"Lincoln, ID",16063,30.0
1594,"Lincoln, KS",20105,0.0
1595,"Lincoln, KY",21137,8.0
1596,"Lincoln, ME",23015,20.0
1597,"Lincoln, MN",27081,5.0
1598,"Lincoln, MO",29113,106.0
1599,"Lincoln, MS",28085,245.0
1600,"Lincoln, MT",30053,7.0
1601,"Lincoln, NC",37109,60.0
1602,"Lincoln, NE",31111,47.0
1603,"Lincoln, NM",35027,3.0
1604,"Lincoln, NV",32017,2.0
1605,"Lincoln, OK",40081,21.0
1606,"Lincoln, OR",41041,9.0
1607,"Lincoln, SD",46083,230.0
1608,"Lincoln, TN",47103,25.0
1609,"Lincoln, WA",53043,2.0
1610,"Lincoln, WI",55069,4.0
1611,"Lincoln, WV",54043,5.0
1612,"Lincoln, WY",56023,15.0
1613,"Linn, IA",19113,935.0
1614,"Linn, KS",20107,7.0
1615,"Linn, MO",29115,6.0
1616,"Linn, OR",41043,115.0
1617,"Lipscomb, TX",48295,2.0
1618,"Litchfield, CT",09005,1346.0
1619,"Little River, AR",05081,4.0
1620,"Live Oak, TX",48297,9.0
1621,"Livingston, IL",17105,31.0
1622,"Livingston, KY",21139,8.0
1623,"Livingston, MI",26093,391.0
1624,"Livingston, MO",29117,3.0
1625,"Livingston, NY",36051,115.0
1626,"Llano, TX",48299,3.0
1627,"Logan, AR",05083,4.0
1628,"Logan, CO",08075,582.0
1629,"Logan, IL",17107,10.0
1630,"Logan, KS",20109,0.0
1631,"Logan, KY",21141,115.0
1632,"Logan, ND",38047,0.0
1633,"Logan, NE",31113,0.0
1634,"Logan, OH",39091,37.0
1635,"Logan, OK",40083,19.0
1636,"Logan, WV",54045,16.0
1637,"Long, GA",13183,12.0
1638,"Lonoke, AR",05085,46.0
1639,"Lorain, OH",39093,648.0
1640,"Los Alamos, NM",35028,6.0
1641,"Los Angeles, CA",06037,46023.0
1642,"Loudon, TN",47105,136.0
1643,"Loudoun, VA",51107,2047.0
1644,"Louisa, IA",19115,334.0
1645,"Louisa, VA",51109,69.0
1646,"Loup, NE",31115,0.0
1647,"Love, OK",40085,15.0
1648,"Loving, TX",48301,0.0
1649,"Lowndes, AL",01085,193.0
1650,"Lowndes, GA",13185,250.0
1651,"Lowndes, MS",28087,164.0
1652,"Lubbock, TX",48303,664.0
1653,"Lucas, IA",19117,6.0
1654,"Lucas, OH",39095,2126.0
1655,"Luce, MI",26095,3.0
1656,"Lumpkin, GA",13187,91.0
1657,"Luna, NM",35029,7.0
1658,"Lunenburg, VA",51111,8.0
1659,"Luzerne, PA",42079,2651.0
1660,"Lycoming, PA",42081,160.0
1661,"Lyman, SD",46085,12.0
1662,"Lynn, TX",48305,5.0
1663,"Lyon, IA",19119,19.0
1664,"Lyon, KS",20111,332.0
1665,"Lyon, KY",21143,14.0
1666,"Lyon, MN",27083,34.0
1667,"Lyon, NV",32019,55.0
1668,"Mackinac, MI",26097,6.0
1669,"Macomb, MI",26099,6516.0
1670,"Macon, AL",01087,62.0
1671,"Macon, GA",13193,95.0
1672,"Macon, IL",17115,188.0
1673,"Macon, MO",29121,2.0
1674,"Macon, NC",37113,18.0
1675,"Macon, TN",47111,101.0
1676,"Macoupin, IL",17117,41.0
1677,"Madera, CA",06039,84.0
1678,"Madison, AL",01089,302.0
1679,"Madison, AR",05087,5.0
1680,"Madison, FL",12079,69.0
1681,"Madison, GA",13195,39.0
1682,"Madison, IA",19121,24.0
1683,"Madison, ID",16065,20.0
1684,"Madison, IL",17119,539.0
1685,"Madison, IN",18095,582.0
1686,"Madison, KY",21151,45.0
1687,"Madison, MO",29123,3.0
1688,"Madison, MS",28089,653.0
1689,"Madison, MT",30057,8.0
1690,"Madison, NC",37115,4.0
1691,"Madison, NE",31119,299.0
1692,"Madison, NY",36053,303.0
1693,"Madison, OH",39097,134.0
1694,"Madison, TN",47113,173.0
1695,"Madison, TX",48313,8.0
1696,"Madison, VA",51113,32.0
1697,"Magoffin, KY",21153,2.0
1698,"Mahaska, IA",19123,85.0
1699,"Mahnomen, MN",27087,5.0
1700,"Mahoning, OH",39099,1341.0
1701,"Major, OK",40093,6.0
1702,"Malheur, OR",41045,28.0
1703,"Manatee, FL",12081,988.0
1704,"Manistee, MI",26101,11.0
1705,"Manitowoc, WI",55071,29.0
1706,"Marathon, WI",55073,42.0
1707,"Marengo, AL",01091,141.0
1708,"Maricopa, AZ",04013,8379.0
1709,"Maries, MO",29125,2.0
1710,"Marin, CA",06041,403.0
1711,"Marinette, WI",55075,32.0
1712,"Marion, AL",01093,114.0
1713,"Marion, AR",05089,1.0
1714,"Marion, FL",12083,237.0
1715,"Marion, GA",13197,49.0
1716,"Marion, IA",19125,29.0
1717,"Marion, IL",17121,50.0
1718,"Marion, IN",18097,9189.0
1719,"Marion, KS",20115,5.0
1720,"Marion, KY",21155,18.0
1721,"Marion, MO",29127,5.0
1722,"Marion, MS",28091,110.0
1723,"Marion, OH",39101,2619.0
1724,"Marion, OR",41047,909.0
1725,"Marion, SC",45067,65.0
1726,"Marion, TN",47115,36.0
1727,"Marion, TX",48315,15.0
1728,"Marion, WV",54049,50.0
1729,"Mariposa, CA",06043,15.0
1730,"Marlboro, SC",45069,112.0
1731,"Marquette, MI",26103,54.0
1732,"Marquette, WI",55077,3.0
1733,"Marshall, AL",01095,650.0
1734,"Marshall, IA",19127,870.0
1735,"Marshall, IL",17123,5.0
1736,"Marshall, IN",18099,64.0
1737,"Marshall, KS",20117,0.0
1738,"Marshall, KY",21157,37.0
1739,"Marshall, MN",27089,9.0
1740,"Marshall, MS",28093,71.0
1741,"Marshall, OK",40095,8.0
1742,"Marshall, SD",46091,4.0
1743,"Marshall, TN",47117,29.0
1744,"Marshall, WV",54051,27.0
1745,"Martin, FL",12085,510.0
1746,"Martin, IN",18101,9.0
1747,"Martin, KY",21159,3.0
1748,"Martin, MN",27091,125.0
1749,"Martin, NC",37117,54.0
1750,"Martin, TX",48317,3.0
1751,"Mason, IL",17125,17.0
1752,"Mason, KY",21161,8.0
1753,"Mason, MI",26105,31.0
1754,"Mason, TX",48319,31.0
1755,"Mason, WA",53045,34.0
1756,"Mason, WV",54053,16.0
1757,"Massac, IL",17127,7.0
1758,"Matagorda, TX",48321,67.0
1759,"Mathews, VA",51115,5.0
1760,"Maui, HI",15009,118.0
1761,"Maury, TN",47119,79.0
1762,"Maverick, TX",48323,97.0
1763,"Mayes, OK",40097,30.0
1764,"McClain, OK",40087,98.0
1765,"McCone, MT",30055,0.0
1766,"McCook, SD",46087,5.0
1767,"McCormick, SC",45065,8.0
1768,"McCracken, KY",21145,87.0
1769,"McCreary, KY",21147,13.0
1770,"McCulloch, TX",48307,3.0
1771,"McCurtain, OK",40089,29.0
1772,"McDonald, MO",29119,17.0
1773,"McDonough, IL",17109,83.0
1774,"McDowell, NC",37111,51.0
1775,"McDowell, WV",54047,6.0
1776,"McDuffie, GA",13189,63.0
1777,"McHenry, IL",17111,1427.0
1778,"McHenry, ND",38049,2.0
1779,"McIntosh, GA",13191,12.0
1780,"McIntosh, ND",38051,1.0
1781,"McIntosh, OK",40091,11.0
1782,"McKean, PA",42083,12.0
1783,"McKenzie, ND",38053,16.0
1784,"McKinley, NM",35031,2215.0
1785,"McLean, IL",17113,211.0
1786,"McLean, KY",21149,19.0
1787,"McLean, ND",38055,7.0
1788,"McLennan, TX",48309,107.0
1789,"McLeod, MN",27085,27.0
1790,"McMinn, TN",47107,135.0
1791,"McMullen, TX",48311,0.0
1792,"McNairy, TN",47109,12.0
1793,"McPherson, KS",20113,27.0
1794,"McPherson, NE",31117,0.0
1795,"McPherson, SD",46089,1.0
1796,"Meade, KS",20119,24.0
1797,"Meade, KY",21163,21.0
1798,"Meade, SD",46093,10.0
1799,"Meagher, MT",30059,1.0
1800,"Mecklenburg, NC",37119,3380.0
1801,"Mecklenburg, VA",51117,205.0
1802,"Mecosta, MI",26107,19.0
1803,"Medina, OH",39103,302.0
1804,"Medina, TX",48325,67.0
1805,"Meeker, MN",27093,42.0
1806,"Meigs, OH",39105,6.0
1807,"Meigs, TN",47121,25.0
1808,"Mellette, SD",46095,0.0
1809,"Menard, IL",17129,17.0
1810,"Menard, TX",48327,0.0
1811,"Mendocino, CA",06045,21.0
1812,"Menifee, KY",21165,8.0
1813,"Menominee, MI",26109,8.0
1814,"Menominee, WI",55078,3.0
1815,"Merced, CA",06047,261.0
1816,"Mercer, IL",17131,15.0
1817,"Mercer, KY",21167,12.0
1818,"Mercer, MO",29129,0.0
1819,"Mercer, ND",38057,5.0
1820,"Mercer, NJ",34021,6491.0
1821,"Mercer, OH",39107,190.0
1822,"Mercer, PA",42085,105.0
1823,"Mercer, WV",54055,13.0
1824,"Meriwether, GA",13199,78.0
1825,"Merrick, NE",31121,32.0
1826,"Merrimack, NH",33013,321.0
1827,"Mesa, CO",08077,55.0
1828,"Metcalfe, KY",21169,4.0
1829,"Miami, IN",18103,139.0
1830,"Miami, KS",20121,7.0
1831,"Miami, OH",39109,348.0
1832,"Miami-Dade, FL",12086,17041.0
1833,"Middlesex, CT",09007,1012.0
1834,"Middlesex, MA",25017,20539.0
1835,"Middlesex, NJ",34023,15437.0
1836,"Middlesex, VA",51119,12.0
1837,"Midland, MI",26111,79.0
1838,"Midland, TX",48329,124.0
1839,"Mifflin, PA",42087,58.0
1840,"Milam, TX",48331,28.0
1841,"Millard, UT",49027,0.0
1842,"Mille Lacs, MN",27095,17.0
1843,"Miller, AR",05091,42.0
1844,"Miller, GA",13201,38.0
1845,"Miller, MO",29131,4.0
1846,"Mills, IA",19129,16.0
1847,"Mills, TX",48333,1.0
1848,"Milwaukee, WI",55079,6352.0
1849,"Miner, SD",46097,1.0
1850,"Mineral, CO",08079,2.0
1851,"Mineral, MT",30061,0.0
1852,"Mineral, NV",32021,4.0
1853,"Mineral, WV",54057,38.0
1854,"Mingo, WV",54059,5.0
1855,"Minidoka, ID",16067,29.0
1856,"Minnehaha, SD",46099,3274.0
1857,"Missaukee, MI",26113,16.0
1858,"Mississippi, AR",05093,70.0
1859,"Mississippi, MO",29133,54.0
1860,"Missoula, MT",30063,39.0
1861,"Mitchell, GA",13205,399.0
1862,"Mitchell, IA",19131,4.0
1863,"Mitchell, KS",20123,3.0
1864,"Mitchell, NC",37121,9.0
1865,"Mitchell, TX",48335,1.0
1866,"Mobile, AL",01097,2033.0
1867,"Modoc, CA",06049,0.0
1868,"Moffat, CO",08081,6.0
1869,"Mohave, AZ",04015,319.0
1870,"Moniteau, MO",29135,45.0
1871,"Monmouth, NJ",34025,7865.0
1872,"Mono, CA",06051,34.0
1873,"Monona, IA",19133,24.0
1874,"Monongalia, WV",54061,121.0
1875,"Monroe, AL",01099,33.0
1876,"Monroe, AR",05095,5.0
1877,"Monroe, FL",12087,107.0
1878,"Monroe, GA",13207,118.0
1879,"Monroe, IA",19135,33.0
1880,"Monroe, IL",17133,92.0
1881,"Monroe, IN",18105,160.0
1882,"Monroe, KY",21171,14.0
1883,"Monroe, MI",26115,463.0
1884,"Monroe, MO",29137,0.0
1885,"Monroe, MS",28095,246.0
1886,"Monroe, NY",36055,2733.0
1887,"Monroe, OH",39111,71.0
1888,"Monroe, PA",42089,1305.0
1889,"Monroe, TN",47123,56.0
1890,"Monroe, WI",55081,16.0
1891,"Monroe, WV",54063,7.0
1892,"Montague, TX",48337,9.0
1893,"Montcalm, MI",26117,65.0
1894,"Monterey, CA",06053,413.0
1895,"Montezuma, CO",08083,36.0
1896,"Montgomery, AL",01101,1274.0
1897,"Montgomery, AR",05097,1.0
1898,"Montgomery, GA",13209,10.0
1899,"Montgomery, IA",19137,6.0
1900,"Montgomery, IL",17135,39.0
1901,"Montgomery, IN",18107,227.0
1902,"Montgomery, KS",20125,20.0
1903,"Montgomery, KY",21173,21.0
1904,"Montgomery, MD",24031,10111.0
1905,"Montgomery, MO",29139,8.0
1906,"Montgomery, MS",28097,80.0
1907,"Montgomery, NC",37123,86.0
1908,"Montgomery, NY",36057,79.0
1909,"Montgomery, OH",39113,605.0
1910,"Montgomery, PA",42091,6576.0
1911,"Montgomery, TN",47125,248.0
1912,"Montgomery, TX",48339,888.0
1913,"Montgomery, VA",51121,69.0
1914,"Montmorency, MI",26119,5.0
1915,"Montour, PA",42093,50.0
1916,"Montrose, CO",08085,159.0
1917,"Moody, SD",46101,18.0
1918,"Moore, NC",37125,198.0
1919,"Moore, TN",47127,3.0
1920,"Moore, TX",48341,579.0
1921,"Mora, NM",35033,0.0
1922,"Morgan, AL",01103,176.0
1923,"Morgan, CO",08087,609.0
1924,"Morgan, GA",13211,37.0
1925,"Morgan, IL",17137,34.0
1926,"Morgan, IN",18109,261.0
1927,"Morgan, KY",21175,1.0
1928,"Morgan, MO",29141,9.0
1929,"Morgan, OH",39115,5.0
1930,"Morgan, TN",47129,17.0
1931,"Morgan, UT",49029,0.0
1932,"Morgan, WV",54065,18.0
1933,"Morrill, NE",31123,10.0
1934,"Morris, KS",20127,4.0
1935,"Morris, NJ",34027,6259.0
1936,"Morris, TX",48343,17.0
1937,"Morrison, MN",27097,38.0
1938,"Morrow, OH",39117,104.0
1939,"Morrow, OR",41049,12.0
1940,"Morton, KS",20129,4.0
1941,"Morton, ND",38059,64.0
1942,"Motley, TX",48345,1.0
1943,"Moultrie, IL",17139,10.0
1944,"Mountrail, ND",38061,39.0
1945,"Mower, MN",27099,189.0
1946,"Muhlenberg, KY",21177,471.0
1947,"Multnomah, OR",41051,1045.0
1948,"Murray, GA",13213,78.0
1949,"Murray, MN",27101,35.0
1950,"Murray, OK",40099,2.0
1951,"Muscatine, IA",19139,545.0
1952,"Muscogee, GA",13215,564.0
1953,"Muskegon, MI",26121,603.0
1954,"Muskingum, OH",39119,45.0
1955,"Muskogee, OK",40101,35.0
1956,"Musselshell, MT",30065,1.0
1957,"Nacogdoches, TX",48347,257.0
1958,"Nance, NE",31125,5.0
1959,"Napa, CA",06055,101.0
1960,"Nash, NC",37127,182.0
1961,"Nassau, FL",12089,70.0
1962,"Nassau, NY",36059,39907.0
1963,"Natrona, WY",56025,71.0
1964,"Navajo, AZ",04017,1543.0
1965,"Navarro, TX",48349,44.0
1966,"Nelson, KY",21179,35.0
1967,"Nelson, ND",38063,2.0
1968,"Nelson, VA",51125,14.0
1969,"Nemaha, KS",20131,13.0
1970,"Nemaha, NE",31127,3.0
1971,"Neosho, KS",20133,2.0
1972,"Neshoba, MS",28099,514.0
1973,"Ness, KS",20135,1.0
1974,"Nevada, AR",05099,4.0
1975,"Nevada, CA",06057,41.0
1976,"New Castle, DE",10003,3436.0
1977,"New Hanover, NC",37129,156.0
1978,"New Haven, CT",09009,11017.0
1979,"New Kent, VA",51127,29.0
1980,"New London, CT",09011,1043.0
1981,"New Madrid, MO",29143,17.0
1982,"New York, NY",36061,198731.0
1983,"Newaygo, MI",26123,91.0
1984,"Newberry, SC",45071,46.0
1985,"Newport, RI",44005,228.0
1986,"Newton, AR",05101,3.0
1987,"Newton, GA",13217,311.0
1988,"Newton, IN",18111,74.0
1989,"Newton, MO",29145,16.0
1990,"Newton, MS",28101,227.0
1991,"Newton, TX",48351,4.0
1992,"Nez Perce, ID",16069,81.0
1993,"Niagara, NY",36063,955.0
1994,"Nicholas, KY",21181,1.0
1995,"Nicholas, WV",54067,10.0
1996,"Nicollet, MN",27103,69.0
1997,"Niobrara, WY",56027,2.0
1998,"Noble, IN",18113,185.0
1999,"Noble, OH",39121,5.0
2000,"Noble, OK",40103,7.0
2001,"Nobles, MN",27105,1469.0
2002,"Nodaway, MO",29147,12.0
2003,"Nolan, TX",48353,2.0
2004,"Norfolk, MA",25021,7844.0
2005,"Norman, MN",27107,11.0
2006,"Northampton, NC",37131,140.0
2007,"Northampton, PA",42095,2920.0
2008,"Northampton, VA",51131,216.0
2009,"Northumberland, PA",42097,174.0
2010,"Northumberland, VA",51133,23.0
2011,"Norton, KS",20137,2.0
2012,"Nottoway, VA",51135,19.0
2013,"Nowata, OK",40105,23.0
2014,"Noxubee, MS",28103,165.0
2015,"Nuckolls, NE",31129,1.0
2016,"Nueces, TX",48355,262.0
2017,"Nye, NV",32023,59.0
2018,"O'Brien, IA",19141,24.0
2019,"Oakland, MI",26125,8226.0
2020,"Obion, TN",47131,24.0
2021,"Ocean, NJ",34029,8430.0
2022,"Oceana, MI",26127,84.0
2023,"Ochiltree, TX",48357,43.0
2024,"Oconee, GA",13219,105.0
2025,"Oconee, SC",45073,47.0
2026,"Oconto, WI",55083,34.0
2027,"Ogemaw, MI",26129,20.0
2028,"Oglala Lakota, SD",46102,17.0
2029,"Ogle, IL",17141,192.0
2030,"Oglethorpe, GA",13221,58.0
2031,"Ohio, IN",18115,13.0
2032,"Ohio, KY",21183,120.0
2033,"Ohio, WV",54069,39.0
2034,"Okaloosa, FL",12091,193.0
2035,"Okanogan, WA",53047,44.0
2036,"Okeechobee, FL",12093,64.0
2037,"Okfuskee, OK",40107,3.0
2038,"Oklahoma, OK",40109,1208.0
2039,"Okmulgee, OK",40111,23.0
2040,"Oktibbeha, MS",28105,139.0
2041,"Oldham, KY",21185,60.0
2042,"Oldham, TX",48359,3.0
2043,"Oliver, ND",38065,1.0
2044,"Olmsted, MN",27109,562.0
2045,"Oneida, ID",16071,0.0
2046,"Oneida, NY",36065,905.0
2047,"Oneida, WI",55085,7.0
2048,"Onondaga, NY",36067,1981.0
2049,"Onslow, NC",37133,98.0
2050,"Ontario, NY",36069,185.0
2051,"Ontonagon, MI",26131,0.0
2052,"Orange, CA",06059,5469.0
2053,"Orange, FL",12095,1831.0
2054,"Orange, IN",18117,124.0
2055,"Orange, NC",37135,309.0
2056,"Orange, NY",36071,10244.0
2057,"Orange, TX",48361,96.0
2058,"Orange, VA",51137,81.0
2059,"Orange, VT",50017,8.0
2060,"Orangeburg, SC",45075,143.0
2061,"Oregon, MO",29149,2.0
2062,"Orleans, NY",36073,205.0
2063,"Orleans, VT",50019,9.0
2064,"Osage, KS",20139,7.0
2065,"Osage, MO",29151,5.0
2066,"Osage, OK",40113,94.0
2067,"Osborne, KS",20141,2.0
2068,"Osceola, FL",12097,658.0
2069,"Osceola, IA",19143,32.0
2070,"Osceola, MI",26133,10.0
2071,"Oscoda, MI",26135,5.0
2072,"Oswego, NY",36075,104.0
2073,"Otero, CO",08089,15.0
2074,"Otero, NM",35035,14.0
2075,"Otoe, NE",31131,6.0
2076,"Otsego, MI",26137,100.0
2077,"Otsego, NY",36077,69.0
2078,"Ottawa, KS",20143,4.0
2079,"Ottawa, MI",26139,709.0
2080,"Ottawa, OH",39123,91.0
2081,"Ottawa, OK",40115,35.0
2082,"Otter Tail, MN",27111,60.0
2083,"Ouachita, AR",05103,10.0
2084,"Ouray, CO",08091,8.0
2085,"Outagamie, WI",55087,193.0
2086,"Overton, TN",47133,21.0
2087,"Owen, IN",18119,31.0
2088,"Owen, KY",21187,1.0
2089,"Owsley, KY",21189,2.0
2090,"Owyhee, ID",16073,8.0
2091,"Oxford, ME",23017,21.0
2092,"Ozark, MO",29153,0.0
2093,"Ozaukee, WI",55089,138.0
2094,"Pacific, WA",53049,9.0
2095,"Page, IA",19145,10.0
2096,"Page, VA",51139,197.0
2097,"Palm Beach, FL",12099,5355.0
2098,"Palo Alto, IA",19147,3.0
2099,"Palo Pinto, TX",48363,10.0
2100,"Pamlico, NC",37137,10.0
2101,"Panola, MS",28107,62.0
2102,"Panola, TX",48365,188.0
2103,"Park, CO",08093,23.0
2104,"Park, MT",30067,8.0
2105,"Park, WY",56029,2.0
2106,"Parke, IN",18121,17.0
2107,"Parker, TX",48367,67.0
2108,"Parmer, TX",48369,53.0
2109,"Pasco, FL",12101,360.0
2110,"Pasquotank, NC",37139,96.0
2111,"Passaic, NJ",34031,15774.0
2112,"Patrick, VA",51141,14.0
2113,"Paulding, GA",13223,291.0
2114,"Paulding, OH",39125,13.0
2115,"Pawnee, KS",20145,0.0
2116,"Pawnee, NE",31133,0.0
2117,"Pawnee, OK",40117,29.0
2118,"Payette, ID",16075,23.0
2119,"Payne, OK",40119,45.0
2120,"Peach, GA",13225,70.0
2121,"Pearl River, MS",28109,205.0
2122,"Pecos, TX",48371,27.0
2123,"Pembina, ND",38067,6.0
2124,"Pemiscot, MO",29155,72.0
2125,"Pend Oreille, WA",53051,3.0
2126,"Pender, NC",37141,72.0
2127,"Pendleton, KY",21191,7.0
2128,"Pendleton, WV",54071,9.0
2129,"Pennington, MN",27113,9.0
2130,"Pennington, SD",46103,156.0
2131,"Penobscot, ME",23019,99.0
2132,"Peoria, IL",17143,179.0
2133,"Pepin, WI",55091,1.0
2134,"Perkins, NE",31135,0.0
2135,"Perkins, SD",46105,0.0
2136,"Perquimans, NC",37143,23.0
2137,"Perry, AL",01105,35.0
2138,"Perry, AR",05105,13.0
2139,"Perry, IL",17145,41.0
2140,"Perry, IN",18123,27.0
2141,"Perry, KY",21193,19.0
2142,"Perry, MO",29157,49.0
2143,"Perry, MS",28111,49.0
2144,"Perry, OH",39127,18.0
2145,"Perry, PA",42099,47.0
2146,"Perry, TN",47135,13.0
2147,"Pershing, NV",32027,0.0
2148,"Person, NC",37145,37.0
2149,"Petroleum, MT",30069,0.0
2150,"Pettis, MO",29159,70.0
2151,"Phelps, MO",29161,4.0
2152,"Phelps, NE",31137,20.0
2153,"Phillips, AR",05107,9.0
2154,"Phillips, CO",08095,12.0
2155,"Phillips, KS",20147,2.0
2156,"Phillips, MT",30071,0.0
2157,"Piatt, IL",17147,11.0
2158,"Pickaway, OH",39129,2043.0
2159,"Pickens, AL",01107,93.0
2160,"Pickens, GA",13227,43.0
2161,"Pickens, SC",45077,124.0
2162,"Pickett, TN",47137,3.0
2163,"Pierce, GA",13229,90.0
2164,"Pierce, ND",38069,4.0
2165,"Pierce, NE",31139,2.0
2166,"Pierce, WA",53053,1762.0
2167,"Pierce, WI",55093,42.0
2168,"Pike, AL",01109,145.0
2169,"Pike, AR",05109,4.0
2170,"Pike, GA",13231,50.0
2171,"Pike, IL",17149,1.0
2172,"Pike, IN",18125,6.0
2173,"Pike, KY",21195,28.0
2174,"Pike, MO",29163,14.0
2175,"Pike, MS",28113,200.0
2176,"Pike, OH",39131,6.0
2177,"Pike, PA",42103,477.0
2178,"Pima, AZ",04019,2046.0
2179,"Pinal, AZ",04021,764.0
2180,"Pine, MN",27115,85.0
2181,"Pinellas, FL",12103,1187.0
2182,"Pipestone, MN",27117,10.0
2183,"Piscataquis, ME",23021,1.0
2184,"Pitkin, CO",08097,57.0
2185,"Pitt, NC",37147,264.0
2186,"Pittsburg, OK",40121,40.0
2187,"Pittsylvania, VA",51143,35.0
2188,"Piute, UT",49031,0.0
2189,"Placer, CA",06061,185.0
2190,"Platte, MO",29165,67.0
2191,"Platte, NE",31141,530.0
2192,"Platte, WY",56031,1.0
2193,"Pleasants, WV",54073,4.0
2194,"Plumas, CA",06063,4.0
2195,"Plymouth, IA",19149,116.0
2196,"Plymouth, MA",25023,7594.0
2197,"Pocahontas, IA",19151,4.0
2198,"Pocahontas, WV",54075,24.0
2199,"Poinsett, AR",05111,30.0
2200,"Polk, AR",05113,11.0
2201,"Polk, FL",12105,878.0
2202,"Polk, GA",13233,97.0
2203,"Polk, IA",19153,3774.0
2204,"Polk, MN",27119,59.0
2205,"Polk, MO",29167,3.0
2206,"Polk, NC",37149,35.0
2207,"Polk, NE",31143,9.0
2208,"Polk, OR",41053,96.0
2209,"Polk, TN",47139,14.0
2210,"Polk, TX",48373,52.0
2211,"Polk, WI",55095,16.0
2212,"Pondera, MT",30073,2.0
2213,"Pontotoc, MS",28115,26.0
2214,"Pontotoc, OK",40123,12.0
2215,"Pope, AR",05115,119.0
2216,"Pope, IL",17151,1.0
2217,"Pope, MN",27121,8.0
2218,"Portage, OH",39133,314.0
2219,"Portage, WI",55097,10.0
2220,"Porter, IN",18127,487.0
2221,"Posey, IN",18129,17.0
2222,"Pottawatomie, KS",20149,23.0
2223,"Pottawatomie, OK",40125,57.0
2224,"Pottawattamie, IA",19155,212.0
2225,"Potter, PA",42105,4.0
2226,"Potter, SD",46107,0.0
2227,"Potter, TX",48375,2238.0
2228,"Powder River, MT",30075,0.0
2229,"Powell, KY",21197,1.0
2230,"Powell, MT",30077,0.0
2231,"Power, ID",16077,3.0
2232,"Poweshiek, IA",19157,88.0
2233,"Powhatan, VA",51145,29.0
2234,"Prairie, AR",05117,2.0
2235,"Prairie, MT",30079,0.0
2236,"Pratt, KS",20151,1.0
2237,"Preble, OH",39135,30.0
2238,"Prentiss, MS",28117,39.0
2239,"Presidio, TX",48377,1.0
2240,"Presque Isle, MI",26141,11.0
2241,"Preston, WV",54077,21.0
2242,"Price, WI",55099,2.0
2243,"Prince Edward, VA",51147,108.0
2244,"Prince George's, MD",24033,13726.0
2245,"Prince George, VA",51149,60.0
2246,"Prince William, VA",51153,4702.0
2247,"Providence, RI",44007,10607.0
2248,"Prowers, CO",08099,12.0
2249,"Pueblo, CO",08101,263.0
2250,"Pulaski, AR",05119,793.0
2251,"Pulaski, GA",13235,39.0
2252,"Pulaski, IL",17153,40.0
2253,"Pulaski, IN",18131,39.0
2254,"Pulaski, KY",21199,55.0
2255,"Pulaski, MO",29169,33.0
2256,"Pulaski, VA",51155,11.0
2257,"Pushmataha, OK",40127,2.0
2258,"Putnam, FL",12107,143.0
2259,"Putnam, GA",13237,88.0
2260,"Putnam, IL",17155,1.0
2261,"Putnam, IN",18133,133.0
2262,"Putnam, MO",29171,0.0
2263,"Putnam, NY",36079,1214.0
2264,"Putnam, OH",39137,87.0
2265,"Putnam, TN",47141,380.0
2266,"Putnam, WV",54079,32.0
2267,"Quay, NM",35037,5.0
2268,"Queen Anne's, MD",24035,151.0
2269,"Queens, NY",36081,0.0
2270,"Quitman, GA",13239,11.0
2271,"Quitman, MS",28119,24.0
2272,"Rabun, GA",13241,15.0
2273,"Racine, WI",55101,1394.0
2274,"Rains, TX",48379,3.0
2275,"Raleigh, WV",54081,15.0
2276,"Ralls, MO",29173,2.0
2277,"Ramsey, MN",27123,2437.0
2278,"Ramsey, ND",38071,9.0
2279,"Randall, TX",48381,648.0
2280,"Randolph, AL",01111,124.0
2281,"Randolph, AR",05121,26.0
2282,"Randolph, GA",13243,174.0
2283,"Randolph, IL",17157,259.0
2284,"Randolph, IN",18135,40.0
2285,"Randolph, MO",29175,9.0
2286,"Randolph, NC",37151,601.0
2287,"Randolph, WV",54083,36.0
2288,"Rankin, MS",28121,356.0
2289,"Ransom, ND",38073,9.0
2290,"Rappahannock, VA",51157,13.0
2291,"Ravalli, MT",30081,13.0
2292,"Rawlins, KS",20153,0.0
2293,"Ray, MO",29177,16.0
2294,"Reagan, TX",48383,0.0
2295,"Real, TX",48385,0.0
2296,"Red Lake, MN",27125,3.0
2297,"Red River, TX",48387,47.0
2298,"Red Willow, NE",31145,5.0
2299,"Redwood, MN",27127,3.0
2300,"Reeves, TX",48389,7.0
2301,"Refugio, TX",48391,3.0
2302,"Reno, KS",20155,43.0
2303,"Rensselaer, NY",36083,465.0
2304,"Renville, MN",27129,5.0
2305,"Renville, ND",38075,1.0
2306,"Republic, KS",20157,4.0
2307,"Reynolds, MO",29179,2.0
2308,"Rhea, TN",47143,197.0
2309,"Rice, KS",20159,4.0
2310,"Rice, MN",27131,386.0
2311,"Rich, UT",49033,0.0
2312,"Richardson, NE",31147,1.0
2313,"Richland, IL",17159,3.0
2314,"Richland, MT",30083,3.0
2315,"Richland, ND",38077,20.0
2316,"Richland, OH",39139,186.0
2317,"Richland, SC",45079,1366.0
2318,"Richland, WI",55103,14.0
2319,"Richmond, GA",13245,534.0
2320,"Richmond, NC",37153,146.0
2321,"Richmond, NY",36085,0.0
2322,"Richmond, VA",51159,275.0
2323,"Riley, KS",20161,62.0
2324,"Ringgold, IA",19159,4.0
2325,"Rio Arriba, NM",35039,37.0
2326,"Rio Blanco, CO",08103,1.0
2327,"Rio Grande, CO",08105,16.0
2328,"Ripley, IN",18137,112.0
2329,"Ripley, MO",29181,7.0
2330,"Ritchie, WV",54085,1.0
2331,"Riverside, CA",06065,7004.0
2332,"Roane, TN",47145,15.0
2333,"Roane, WV",54087,8.0
2334,"Roanoke, VA",51161,94.0
2335,"Roberts, SD",46109,35.0
2336,"Roberts, TX",48393,2.0
2337,"Robertson, KY",21201,0.0
2338,"Robertson, TN",47147,389.0
2339,"Robertson, TX",48395,7.0
2340,"Robeson, NC",37155,670.0
2341,"Rock Island, IL",17161,636.0
2342,"Rock, MN",27133,21.0
2343,"Rock, NE",31149,0.0
2344,"Rock, WI",55105,569.0
2345,"Rockbridge, VA",51163,16.0
2346,"Rockcastle, KY",21203,13.0
2347,"Rockdale, GA",13247,267.0
2348,"Rockingham, NC",37157,72.0
2349,"Rockingham, NH",33015,1230.0
2350,"Rockingham, VA",51165,467.0
2351,"Rockland, NY",36087,12996.0
2352,"Rockwall, TX",48397,151.0
2353,"Roger Mills, OK",40129,0.0
2354,"Rogers, OK",40131,78.0
2355,"Rolette, ND",38079,4.0
2356,"Rooks, KS",20163,6.0
2357,"Roosevelt, MT",30085,7.0
2358,"Roosevelt, NM",35041,36.0
2359,"Roscommon, MI",26143,21.0
2360,"Roseau, MN",27135,1.0
2361,"Rosebud, MT",30087,0.0
2362,"Ross, OH",39141,66.0
2363,"Routt, CO",08107,59.0
2364,"Rowan, KY",21205,7.0
2365,"Rowan, NC",37159,609.0
2366,"Runnels, TX",48399,2.0
2367,"Rush, IN",18139,45.0
2368,"Rush, KS",20165,0.0
2369,"Rusk, TX",48401,43.0
2370,"Rusk, WI",55107,4.0
2371,"Russell, AL",01113,137.0
2372,"Russell, KS",20167,0.0
2373,"Russell, KY",21207,22.0
2374,"Russell, VA",51167,8.0
2375,"Rutherford, NC",37161,168.0
2376,"Rutherford, TN",47149,1029.0
2377,"Rutland, VT",50021,53.0
2378,"Sabine, TX",48403,5.0
2379,"Sac, IA",19161,13.0
2380,"Sacramento, CA",06067,1302.0
2381,"Sagadahoc, ME",23023,28.0
2382,"Saginaw, MI",26145,997.0
2383,"Saguache, CO",08109,36.0
2384,"Salem, NJ",34033,566.0
2385,"Saline, AR",05125,98.0
2386,"Saline, IL",17165,7.0
2387,"Saline, KS",20169,24.0
2388,"Saline, MO",29195,267.0
2389,"Saline, NE",31151,482.0
2390,"Salt Lake, UT",49035,4583.0
2391,"Saluda, SC",45081,136.0
2392,"Sampson, NC",37163,408.0
2393,"San Augustine, TX",48405,29.0
2394,"San Benito, CA",06069,72.0
2395,"San Bernardino, CA",06071,4365.0
2396,"San Diego, CA",06073,6701.0
2397,"San Jacinto, TX",48407,14.0
2398,"San Joaquin, CA",06077,752.0
2399,"San Juan, CO",08111,1.0
2400,"San Juan, NM",35045,1581.0
2401,"San Juan, UT",49037,268.0
2402,"San Juan, WA",53055,15.0
2403,"San Luis Obispo, CA",06079,259.0
2404,"San Mateo, CA",06081,1833.0
2405,"San Miguel, CO",08113,23.0
2406,"San Miguel, NM",35047,15.0
2407,"San Patricio, TX",48409,28.0
2408,"San Saba, TX",48411,1.0
2409,"Sanborn, SD",46111,11.0
2410,"Sanders, MT",30089,0.0
2411,"Sandoval, NM",35043,544.0
2412,"Sandusky, OH",39143,68.0
2413,"Sangamon, IL",17167,331.0
2414,"Sanilac, MI",26151,40.0
2415,"Sanpete, UT",49039,0.0
2416,"Santa Barbara, CA",06083,1551.0
2417,"Santa Clara, CA",06085,2652.0
2418,"Santa Cruz, AZ",04023,186.0
2419,"Santa Cruz, CA",06087,200.0
2420,"Santa Fe, NM",35049,133.0
2421,"Santa Rosa, FL",12113,208.0
2422,"Sarasota, FL",12115,590.0
2423,"Saratoga, NY",36091,461.0
2424,"Sargent, ND",38081,3.0
2425,"Sarpy, NE",31153,463.0
2426,"Sauk, WI",55111,77.0
2427,"Saunders, NE",31155,28.0
2428,"Sawyer, WI",55113,7.0
2429,"Schenectady, NY",36093,664.0
2430,"Schleicher, TX",48413,0.0
2431,"Schley, GA",13249,16.0
2432,"Schoharie, NY",36095,49.0
2433,"Schoolcraft, MI",26153,4.0
2434,"Schuyler, IL",17169,10.0
2435,"Schuyler, MO",29197,0.0
2436,"Schuyler, NY",36097,11.0
2437,"Schuylkill, PA",42107,592.0
2438,"Scioto, OH",39145,15.0
2439,"Scotland, MO",29199,4.0
2440,"Scotland, NC",37165,67.0
2441,"Scott, AR",05127,1.0
2442,"Scott, IA",19163,337.0
2443,"Scott, IL",17171,0.0
2444,"Scott, IN",18143,118.0
2445,"Scott, KS",20171,13.0
2446,"Scott, KY",21209,34.0
2447,"Scott, MN",27139,358.0
2448,"Scott, MO",29201,93.0
2449,"Scott, MS",28123,592.0
2450,"Scott, TN",47151,11.0
2451,"Scott, VA",51169,7.0
2452,"Scotts Bluff, NE",31157,67.0
2453,"Screven, GA",13251,28.0
2454,"Scurry, TX",48415,2.0
2455,"Searcy, AR",05129,6.0
2456,"Sebastian, AR",05131,20.0
2457,"Sedgwick, CO",08115,0.0
2458,"Sedgwick, KS",20173,559.0
2459,"Seminole, FL",12117,461.0
2460,"Seminole, GA",13253,43.0
2461,"Seminole, OK",40133,23.0
2462,"Seneca, NY",36099,55.0
2463,"Seneca, OH",39147,19.0
2464,"Sequatchie, TN",47153,11.0
2465,"Sequoyah, OK",40135,14.0
2466,"Sevier, AR",05133,93.0
2467,"Sevier, TN",47155,72.0
2468,"Sevier, UT",49041,0.0
2469,"Seward, KS",20175,822.0
2470,"Seward, NE",31159,27.0
2471,"Shackelford, TX",48417,1.0
2472,"Shannon, MO",29203,0.0
2473,"Sharkey, MS",28125,7.0
2474,"Sharp, AR",05135,42.0
2475,"Shasta, CA",06089,36.0
2476,"Shawano, WI",55115,38.0
2477,"Shawnee, KS",20177,263.0
2478,"Sheboygan, WI",55117,82.0
2479,"Shelby, AL",01117,447.0
2480,"Shelby, IA",19165,31.0
2481,"Shelby, IL",17173,16.0
2482,"Shelby, IN",18145,314.0
2483,"Shelby, KY",21211,92.0
2484,"Shelby, MO",29205,1.0
2485,"Shelby, OH",39149,41.0
2486,"Shelby, TN",47157,4451.0
2487,"Shelby, TX",48419,183.0
2488,"Shenandoah, VA",51171,376.0
2489,"Sherburne, MN",27141,214.0
2490,"Sheridan, KS",20179,2.0
2491,"Sheridan, MT",30091,0.0
2492,"Sheridan, ND",38083,0.0
2493,"Sheridan, NE",31161,0.0
2494,"Sheridan, WY",56033,16.0
2495,"Sherman, KS",20181,6.0
2496,"Sherman, NE",31163,3.0
2497,"Sherman, OR",41055,1.0
2498,"Sherman, TX",48421,21.0
2499,"Shiawassee, MI",26155,235.0
2500,"Shoshone, ID",16079,0.0
2501,"Sibley, MN",27143,12.0
2502,"Sierra, CA",06091,1.0
2503,"Sierra, NM",35051,1.0
2504,"Silver Bow, MT",30093,11.0
2505,"Simpson, KY",21213,44.0
2506,"Simpson, MS",28127,85.0
2507,"Sioux, IA",19167,207.0
2508,"Sioux, ND",38085,2.0
2509,"Sioux, NE",31165,0.0
2510,"Siskiyou, CA",06093,6.0
2511,"Skagit, WA",53057,426.0
2512,"Skamania, WA",53059,3.0
2513,"Slope, ND",38087,3.0
2514,"Smith, KS",20183,2.0
2515,"Smith, MS",28129,131.0
2516,"Smith, TN",47159,30.0
2517,"Smith, TX",48423,198.0
2518,"Smyth, VA",51173,15.0
2519,"Snohomish, WA",53061,2904.0
2520,"Snyder, PA",42109,38.0
2521,"Socorro, NM",35053,49.0
2522,"Solano, CA",06095,455.0
2523,"Somerset, MD",24039,72.0
2524,"Somerset, ME",23025,21.0
2525,"Somerset, NJ",34035,4480.0
2526,"Somerset, PA",42111,37.0
2527,"Somervell, TX",48425,0.0
2528,"Sonoma, CA",06097,500.0
2529,"Southampton, VA",51175,143.0
2530,"Spalding, GA",13255,259.0
2531,"Spartanburg, SC",45083,476.0
2532,"Spencer, IN",18147,16.0
2533,"Spencer, KY",21215,16.0
2534,"Spink, SD",46115,4.0
2535,"Spokane, WA",53063,494.0
2536,"Spotsylvania, VA",51177,422.0
2537,"St. Charles, MO",29183,743.0
2538,"St. Clair, AL",01115,104.0
2539,"St. Clair, IL",17163,991.0
2540,"St. Clair, MI",26147,431.0
2541,"St. Clair, MO",29185,3.0
2542,"St. Croix, WI",55109,68.0
2543,"St. Francis, AR",05123,639.0
2544,"St. Francois, MO",29187,33.0
2545,"St. Johns, FL",12109,240.0
2546,"St. Joseph, IN",18141,1170.0
2547,"St. Joseph, MI",26149,102.0
2548,"St. Lawrence, NY",36089,197.0
2549,"St. Louis, MN",27137,111.0
2550,"St. Louis, MO",29189,4690.0
2551,"St. Lucie, FL",12111,404.0
2552,"St. Mary's, MD",24037,395.0
2553,"Stafford, KS",20185,1.0
2554,"Stafford, VA",51179,599.0
2555,"Stanislaus, CA",06099,646.0
2556,"Stanley, SD",46117,9.0
2557,"Stanly, NC",37167,50.0
2558,"Stanton, KS",20187,9.0
2559,"Stanton, NE",31167,17.0
2560,"Stark, IL",17175,3.0
2561,"Stark, ND",38089,61.0
2562,"Stark, OH",39151,685.0
2563,"Starke, IN",18149,31.0
2564,"Starr, TX",48427,24.0
2565,"Ste. Genevieve, MO",29186,8.0
2566,"Stearns, MN",27145,1950.0
2567,"Steele, MN",27147,141.0
2568,"Steele, ND",38091,1.0
2569,"Stephens, GA",13257,123.0
2570,"Stephens, OK",40137,37.0
2571,"Stephens, TX",48429,2.0
2572,"Stephenson, IL",17177,190.0
2573,"Sterling, TX",48431,0.0
2574,"Steuben, IN",18151,79.0
2575,"Steuben, NY",36101,240.0
2576,"Stevens, KS",20189,27.0
2577,"Stevens, MN",27149,0.0
2578,"Stevens, WA",53065,10.0
2579,"Stewart, GA",13259,44.0
2580,"Stewart, TN",47161,9.0
2581,"Stillwater, MT",30095,1.0
2582,"Stoddard, MO",29207,74.0
2583,"Stokes, NC",37169,56.0
2584,"Stone, AR",05137,8.0
2585,"Stone, MO",29209,4.0
2586,"Stone, MS",28131,30.0
2587,"Stonewall, TX",48433,0.0
2588,"Storey, NV",32029,1.0
2589,"Story, IA",19169,95.0
2590,"Strafford, NH",33017,257.0
2591,"Stutsman, ND",38093,18.0
2592,"Sublette, WY",56035,3.0
2593,"Suffolk, MA",25025,17480.0
2594,"Suffolk, NY",36103,39090.0
2595,"Sullivan, IN",18153,32.0
2596,"Sullivan, MO",29211,53.0
2597,"Sullivan, NH",33019,17.0
2598,"Sullivan, NY",36105,1324.0
2599,"Sullivan, PA",42113,2.0
2600,"Sullivan, TN",47163,61.0
2601,"Sully, SD",46119,1.0
2602,"Summers, WV",54089,2.0
2603,"Summit, CO",08117,205.0
2604,"Summit, OH",39153,1236.0
2605,"Summit, UT",49043,405.0
2606,"Sumner, KS",20191,6.0
2607,"Sumner, TN",47165,827.0
2608,"Sumter, AL",01119,193.0
2609,"Sumter, FL",12119,253.0
2610,"Sumter, GA",13261,449.0
2611,"Sumter, SC",45085,347.0
2612,"Sunflower, MS",28133,79.0
2613,"Surry, NC",37171,167.0
2614,"Surry, VA",51181,6.0
2615,"Susquehanna, PA",42115,96.0
2616,"Sussex, DE",10005,4118.0
2617,"Sussex, NJ",34037,1084.0
2618,"Sussex, VA",51183,114.0
2619,"Sutter, CA",06101,40.0
2620,"Sutton, TX",48435,0.0
2621,"Suwannee, FL",12121,166.0
2622,"Swain, NC",37173,10.0
2623,"Sweet Grass, MT",30097,0.0
2624,"Sweetwater, WY",56037,25.0
2625,"Swift, MN",27151,16.0
2626,"Swisher, TX",48437,17.0
2627,"Switzerland, IN",18155,19.0
2628,"Talbot, GA",13263,35.0
2629,"Talbot, MD",24041,86.0
2630,"Taliaferro, GA",13265,1.0
2631,"Talladega, AL",01121,91.0
2632,"Tallahatchie, MS",28135,24.0
2633,"Tallapoosa, AL",01123,400.0
2634,"Tama, IA",19171,394.0
2635,"Taney, MO",29213,14.0
2636,"Taos, NM",35055,24.0
2637,"Tarrant, TX",48439,4977.0
2638,"Tate, MS",28137,59.0
2639,"Tattnall, GA",13267,15.0
2640,"Taylor, FL",12123,14.0
2641,"Taylor, GA",13269,21.0
2642,"Taylor, IA",19173,39.0
2643,"Taylor, KY",21217,11.0
2644,"Taylor, TX",48441,230.0
2645,"Taylor, WI",55119,1.0
2646,"Taylor, WV",54091,8.0
2647,"Tazewell, IL",17179,67.0
2648,"Tazewell, VA",51185,6.0
2649,"Tehama, CA",06103,3.0
2650,"Telfair, GA",13271,33.0
2651,"Teller, CO",08119,32.0
2652,"Terrell, GA",13273,211.0
2653,"Terrell, TX",48443,0.0
2654,"Terry, TX",48445,13.0
2655,"Teton, ID",16081,11.0
2656,"Teton, MT",30099,0.0
2657,"Teton, WY",56039,100.0
2658,"Texas, MO",29215,0.0
2659,"Texas, OK",40139,886.0
2660,"Thayer, NE",31169,0.0
2661,"Thomas, GA",13275,313.0
2662,"Thomas, KS",20193,0.0
2663,"Thomas, NE",31171,1.0
2664,"Throckmorton, TX",48447,0.0
2665,"Thurston, NE",31173,30.0
2666,"Thurston, WA",53067,129.0
2667,"Tift, GA",13277,228.0
2668,"Tillamook, OR",41057,6.0
2669,"Tillman, OK",40141,23.0
2670,"Tioga, NY",36107,122.0
2671,"Tioga, PA",42117,16.0
2672,"Tippah, MS",28139,70.0
2673,"Tippecanoe, IN",18157,373.0
2674,"Tipton, IN",18159,22.0
2675,"Tipton, TN",47167,427.0
2676,"Tishomingo, MS",28141,25.0
2677,"Titus, TX",48449,299.0
2678,"Todd, KY",21219,16.0
2679,"Todd, MN",27153,204.0
2680,"Todd, SD",46121,18.0
2681,"Tolland, CT",09013,812.0
2682,"Tom Green, TX",48451,90.0
2683,"Tompkins, NY",36109,154.0
2684,"Tooele, UT",49045,113.0
2685,"Toole, MT",30101,29.0
2686,"Toombs, GA",13279,50.0
2687,"Torrance, NM",35057,20.0
2688,"Towner, ND",38095,0.0
2689,"Towns, GA",13281,22.0
2690,"Traill, ND",38097,21.0
2691,"Transylvania, NC",37175,11.0
2692,"Traverse, MN",27155,3.0
2693,"Travis, TX",48453,2847.0
2694,"Treasure, MT",30103,0.0
2695,"Trego, KS",20195,1.0
2696,"Trempealeau, WI",55121,20.0
2697,"Treutlen, GA",13283,8.0
2698,"Trigg, KY",21221,9.0
2699,"Trimble, KY",21223,5.0
2700,"Trinity, CA",06105,1.0
2701,"Trinity, TX",48455,13.0
2702,"Tripp, SD",46123,6.0
2703,"Troup, GA",13285,260.0
2704,"Trousdale, TN",47169,1392.0
2705,"Trumbull, OH",39155,529.0
2706,"Tucker, WV",54093,4.0
2707,"Tulare, CA",06107,1641.0
2708,"Tulsa, OK",40143,926.0
2709,"Tunica, MS",28143,48.0
2710,"Tuolumne, CA",06109,3.0
2711,"Turner, GA",13287,105.0
2712,"Turner, SD",46125,23.0
2713,"Tuscaloosa, AL",01125,558.0
2714,"Tuscarawas, OH",39157,318.0
2715,"Tuscola, MI",26157,185.0
2716,"Twiggs, GA",13289,14.0
2717,"Twin Falls, ID",16083,381.0
2718,"Tyler, TX",48457,11.0
2719,"Tyler, WV",54095,3.0
2720,"Tyrrell, NC",37177,4.0
2721,"Uinta, WY",56041,12.0
2722,"Uintah, UT",49047,0.0
2723,"Ulster, NY",36111,1632.0
2724,"Umatilla, OR",41059,112.0
2725,"Unicoi, TN",47171,3.0
2726,"Union, AR",05139,160.0
2727,"Union, FL",12125,30.0
2728,"Union, GA",13291,39.0
2729,"Union, IA",19175,7.0
2730,"Union, IL",17181,141.0
2731,"Union, IN",18161,8.0
2732,"Union, KY",21225,10.0
2733,"Union, MS",28145,72.0
2734,"Union, NC",37179,400.0
2735,"Union, NJ",34039,15218.0
2736,"Union, NM",35059,3.0
2737,"Union, OH",39159,45.0
2738,"Union, OR",41061,6.0
2739,"Union, PA",42119,54.0
2740,"Union, SC",45087,31.0
2741,"Union, SD",46127,79.0
2742,"Union, TN",47173,4.0
2743,"Upshur, TX",48459,18.0
2744,"Upshur, WV",54097,7.0
2745,"Upson, GA",13293,275.0
2746,"Upton, TX",48461,0.0
2747,"Utah, UT",49049,1722.0
2748,"Uvalde, TX",48463,6.0
2749,"Val Verde, TX",48465,14.0
2750,"Valencia, NM",35061,72.0
2751,"Valley, ID",16085,2.0
2752,"Valley, MT",30105,0.0
2753,"Valley, NE",31175,3.0
2754,"Van Buren, AR",05141,28.0
2755,"Van Buren, IA",19177,10.0
2756,"Van Buren, MI",26159,123.0
2757,"Van Buren, TN",47175,4.0
2758,"Van Wert, OH",39161,5.0
2759,"Van Zandt, TX",48467,26.0
2760,"Vance, NC",37181,245.0
2761,"Vanderburgh, IN",18163,248.0
2762,"Venango, PA",42121,8.0
2763,"Ventura, CA",06111,912.0
2764,"Vermilion, IL",17183,39.0
2765,"Vermillion, IN",18165,9.0
2766,"Vernon, MO",29217,7.0
2767,"Vernon, WI",55123,16.0
2768,"Victoria, TX",48469,157.0
2769,"Vigo, IN",18167,147.0
2770,"Vilas, WI",55125,6.0
2771,"Vinton, OH",39163,19.0
2772,"Volusia, FL",12127,673.0
2773,"Wabash, IL",17185,2.0
2774,"Wabash, IN",18169,72.0
2775,"Wabasha, MN",27157,16.0
2776,"Wabaunsee, KS",20197,30.0
2777,"Wadena, MN",27159,6.0
2778,"Wagoner, OK",40145,148.0
2779,"Wahkiakum, WA",53069,4.0
2780,"Wake, NC",37183,1471.0
2781,"Wakulla, FL",12129,32.0
2782,"Waldo, ME",23027,51.0
2783,"Walker, AL",01127,239.0
2784,"Walker, GA",13295,96.0
2785,"Walker, TX",48471,475.0
2786,"Walla Walla, WA",53071,108.0
2787,"Wallace, KS",20199,0.0
2788,"Waller, TX",48473,53.0
2789,"Wallowa, OR",41063,2.0
2790,"Walsh, ND",38099,13.0
2791,"Walthall, MS",28147,49.0
2792,"Walton, FL",12131,108.0
2793,"Walton, GA",13297,196.0
2794,"Walworth, SD",46129,5.0
2795,"Walworth, WI",55127,351.0
2796,"Wapello, IA",19179,514.0
2797,"Ward, ND",38101,54.0
2798,"Ward, TX",48475,1.0
2799,"Ware, GA",13299,218.0
2800,"Warren, GA",13301,18.0
2801,"Warren, IA",19181,111.0
2802,"Warren, IL",17187,114.0
2803,"Warren, IN",18171,12.0
2804,"Warren, KY",21227,920.0
2805,"Warren, MO",29219,28.0
2806,"Warren, MS",28149,154.0
2807,"Warren, NC",37185,54.0
2808,"Warren, NJ",34041,1132.0
2809,"Warren, NY",36113,251.0
2810,"Warren, OH",39165,336.0
2811,"Warren, PA",42123,3.0
2812,"Warren, TN",47177,21.0
2813,"Warren, VA",51187,117.0
2814,"Warrick, IN",18173,164.0
2815,"Wasatch, UT",49051,247.0
2816,"Wasco, OR",41065,18.0
2817,"Waseca, MN",27161,25.0
2818,"Washakie, WY",56043,31.0
2819,"Washburn, WI",55129,2.0
2820,"Washington, AL",01129,65.0
2821,"Washington, AR",05143,276.0
2822,"Washington, CO",08121,32.0
2823,"Washington, FL",12133,45.0
2824,"Washington, GA",13303,73.0
2825,"Washington, IA",19183,180.0
2826,"Washington, ID",16087,34.0
2827,"Washington, IL",17189,18.0
2828,"Washington, IN",18175,52.0
2829,"Washington, KS",20201,0.0
2830,"Washington, KY",21229,6.0
2831,"Washington, MD",24043,413.0
2832,"Washington, ME",23029,2.0
2833,"Washington, MN",27163,527.0
2834,"Washington, MO",29221,10.0
2835,"Washington, MS",28151,153.0
2836,"Washington, NC",37187,26.0
2837,"Washington, NE",31177,26.0
2838,"Washington, NY",36115,228.0
2839,"Washington, OH",39167,117.0
2840,"Washington, OK",40147,310.0
2841,"Washington, OR",41067,695.0
2842,"Washington, PA",42125,138.0
2843,"Washington, RI",44009,486.0
2844,"Washington, TN",47179,73.0
2845,"Washington, TX",48477,193.0
2846,"Washington, UT",49053,0.0
2847,"Washington, VA",51191,51.0
2848,"Washington, VT",50023,39.0
2849,"Washington, WI",55131,206.0
2850,"Washita, OK",40149,2.0
2851,"Washoe, NV",32031,1405.0
2852,"Washtenaw, MI",26161,1298.0
2853,"Watauga, NC",37189,13.0
2854,"Watonwan, MN",27165,56.0
2855,"Waukesha, WI",55133,567.0
2856,"Waupaca, WI",55135,23.0
2857,"Waushara, WI",55137,8.0
2858,"Wayne, GA",13305,17.0
2859,"Wayne, IA",19185,1.0
2860,"Wayne, IL",17191,9.0
2861,"Wayne, IN",18177,69.0
2862,"Wayne, KY",21231,8.0
2863,"Wayne, MI",26163,19816.0
2864,"Wayne, MO",29223,0.0
2865,"Wayne, MS",28153,125.0
2866,"Wayne, NC",37191,1031.0
2867,"Wayne, NE",31179,13.0
2868,"Wayne, NY",36117,109.0
2869,"Wayne, OH",39169,250.0
2870,"Wayne, PA",42127,118.0
2871,"Wayne, TN",47181,63.0
2872,"Wayne, UT",49055,0.0
2873,"Wayne, WV",54099,97.0
2874,"Weakley, TN",47183,26.0
2875,"Webb, TX",48479,516.0
2876,"Weber, UT",49057,0.0
2877,"Webster, GA",13307,11.0
2878,"Webster, IA",19187,27.0
2879,"Webster, KY",21233,32.0
2880,"Webster, MO",29225,17.0
2881,"Webster, MS",28155,28.0
2882,"Webster, NE",31181,5.0
2883,"Webster, WV",54101,0.0
2884,"Weld, CO",08123,2412.0
2885,"Wells, IN",18179,23.0
2886,"Wells, ND",38103,3.0
2887,"Westchester, NY",36119,33049.0
2888,"Westmoreland, PA",42129,441.0
2889,"Westmoreland, VA",51193,50.0
2890,"Weston, WY",56045,0.0
2891,"Wetzel, WV",54103,8.0
2892,"Wexford, MI",26165,11.0
2893,"Wharton, TX",48481,50.0
2894,"Whatcom, WA",53073,369.0
2895,"Wheatland, MT",30107,1.0
2896,"Wheeler, GA",13309,9.0
2897,"Wheeler, NE",31183,0.0
2898,"Wheeler, OR",41069,0.0
2899,"Wheeler, TX",48483,15.0
2900,"White Pine, NV",32033,4.0
2901,"White, AR",05145,40.0
2902,"White, GA",13311,94.0
2903,"White, IL",17193,2.0
2904,"White, IN",18181,226.0
2905,"White, TN",47185,27.0
2906,"Whiteside, IL",17195,134.0
2907,"Whitfield, GA",13313,283.0
2908,"Whitley, IN",18183,39.0
2909,"Whitley, KY",21235,13.0
2910,"Whitman, WA",53075,16.0
2911,"Wibaux, MT",30109,0.0
2912,"Wichita, KS",20203,0.0
2913,"Wichita, TX",48485,82.0
2914,"Wicomico, MD",24045,892.0
2915,"Wilbarger, TX",48487,6.0
2916,"Wilcox, AL",01131,118.0
2917,"Wilcox, GA",13315,98.0
2918,"Wilkes, GA",13317,32.0
2919,"Wilkes, NC",37193,478.0
2920,"Wilkin, MN",27167,11.0
2921,"Wilkinson, GA",13319,65.0
2922,"Wilkinson, MS",28157,84.0
2923,"Will, IL",17197,5188.0
2924,"Willacy, TX",48489,14.0
2925,"Williams, ND",38105,25.0
2926,"Williams, OH",39171,52.0
2927,"Williamsburg, SC",45089,216.0
2928,"Williamson, IL",17199,55.0
2929,"Williamson, TN",47187,522.0
2930,"Williamson, TX",48491,565.0
2931,"Wilson, KS",20205,1.0
2932,"Wilson, NC",37195,319.0
2933,"Wilson, TN",47189,363.0
2934,"Wilson, TX",48493,38.0
2935,"Windham, CT",09015,365.0
2936,"Windham, VT",50025,80.0
2937,"Windsor, VT",50027,50.0
2938,"Winkler, TX",48495,3.0
2939,"Winnebago, IA",19189,10.0
2940,"Winnebago, IL",17201,1953.0
2941,"Winnebago, WI",55139,182.0
2942,"Winneshiek, IA",19191,23.0
2943,"Winona, MN",27169,78.0
2944,"Winston, AL",01133,67.0
2945,"Winston, MS",28159,98.0
2946,"Wirt, WV",54105,4.0
2947,"Wise, TX",48497,42.0
2948,"Wise, VA",51195,24.0
2949,"Wolfe, KY",21237,1.0
2950,"Wood, OH",39173,276.0
2951,"Wood, TX",48499,23.0
2952,"Wood, WI",55141,9.0
2953,"Wood, WV",54107,51.0
2954,"Woodbury, IA",19193,2624.0
2955,"Woodford, IL",17203,17.0
2956,"Woodford, KY",21239,25.0
2957,"Woodruff, AR",05147,1.0
2958,"Woods, OK",40151,3.0
2959,"Woodson, KS",20207,6.0
2960,"Woodward, OK",40153,4.0
2961,"Worcester, MA",25027,10505.0
2962,"Worcester, MD",24047,185.0
2963,"Worth, GA",13321,210.0
2964,"Worth, IA",19195,3.0
2965,"Worth, MO",29227,4.0
2966,"Wright, IA",19197,122.0
2967,"Wright, MN",27171,253.0
2968,"Wright, MO",29229,11.0
2969,"Wyandot, OH",39175,36.0
2970,"Wyandotte, KS",20209,1275.0
2971,"Wyoming, NY",36121,82.0
2972,"Wyoming, PA",42131,33.0
2973,"Wyoming, WV",54109,3.0
2974,"Wythe, VA",51197,18.0
2975,"Yadkin, NC",37197,145.0
2976,"Yakima, WA",53077,2958.0
2977,"Yalobusha, MS",28161,84.0
2978,"Yamhill, OR",41071,65.0
2979,"Yancey, NC",37199,10.0
2980,"Yankton, SD",46135,51.0
2981,"Yates, NY",36123,37.0
2982,"Yavapai, AZ",04025,288.0
2983,"Yazoo, MS",28163,219.0
2984,"Yell, AR",05149,99.0
2985,"Yellow Medicine, MN",27173,6.0
2986,"Yellowstone, MT",30111,88.0
2987,"Yoakum, TX",48501,3.0
2988,"Yolo, CA",06113,194.0
2989,"York, ME",23031,350.0
2990,"York, NE",31185,35.0
2991,"York, PA",42133,930.0
2992,"York, SC",45091,346.0
2993,"York, VA",51199,69.0
2994,"Young, TX",48503,4.0
2995,"Yuba, CA",06115,28.0
2996,"Yuma, AZ",04027,670.0
2997,"Yuma, CO",08125,18.0
2998,"Zapata, TX",48505,8.0
2999,"Zavala, TX",48507,11.0
3000,"Ziebach, SD",46137,1.0
